word,kk_phonetics,chinese_meaning,total,102,103,104,105,106,107,108,109,110,111,112,113,114
people,/ˈpipəl/,人們,108,9,8,7,8,8,9,8,8,9,9,9,8,8
work,/wɝk/,工作,94,7,8,6,7,8,8,7,7,8,8,8,7,5
time,/taɪm/,時間,89,7,7,6,7,8,7,6,7,8,7,7,6,6
school,/skul/,學校,84,6,7,5,7,7,7,6,6,8,7,7,6,5
food,/fud/,食物,79,5,6,6,6,6,6,6,6,7,7,8,5,5
train,/treɪn/,火車,75,3,3,5,5,5,6,7,7,7,6,6,6,9
life,/laɪf/,生活,74,5,6,5,6,6,6,5,5,7,7,7,5,4
day,/deɪ/,天；白天,73,5,6,5,6,6,6,5,5,7,6,6,6,4
book,/bʊk/,書,72,5,5,4,5,5,6,5,5,7,6,6,5,8
city,/ˈsɪtɪ/,城市,70,4,4,4,5,5,6,5,5,7,6,6,5,8
read,/rid/,閱讀,69,5,5,4,5,5,6,5,5,6,6,6,5,6
think,/θɪŋk/,思考；認為,69,5,5,4,5,5,6,5,5,6,6,6,5,6
year,/jɪr/,年,68,4,5,4,5,5,6,5,5,6,6,6,5,6
money,/ˈmʌnɪ/,金錢,66,4,5,4,5,5,6,4,5,6,6,5,5,6
shop,/ʃɑp/,商店；購物,66,4,4,4,5,5,6,5,5,6,6,6,5,5
friend,/frɛnd/,朋友,65,4,5,4,5,5,6,4,5,6,6,5,5,5
leave,/liv/,離開,64,4,5,4,5,5,5,5,5,6,6,5,5,4
home,/hom/,家,63,4,5,4,5,4,5,5,5,6,6,5,5,4
business,/ˈbɪznɪs/,生意；商業,62,4,5,4,5,4,5,5,5,6,6,5,4,4
country,/ˈkʌntrɪ/,國家,62,4,5,4,5,4,5,5,5,6,6,5,4,4
help,/hɛlp/,幫助,62,4,5,4,5,4,5,5,5,6,6,5,4,4
know,/no/,知道,62,4,5,4,5,4,5,5,5,6,6,5,4,4
place,/pleɪs/,地方,62,4,4,4,5,4,5,5,5,6,6,5,4,5
buy,/baɪ/,購買,61,4,4,4,5,4,5,5,5,6,5,5,4,5
coffee,/ˈkɔfɪ/,咖啡,60,3,3,3,4,4,5,5,5,6,5,5,4,8
house,/haʊs/,房子,60,4,4,4,5,4,5,5,5,6,5,5,4,4
change,/tʃendʒ/,改變,59,4,4,4,5,4,5,5,5,6,5,5,4,3
child,/tʃaɪld/,孩子,59,4,4,4,5,4,5,5,5,6,5,5,4,3
morning,/ˈmɔrnɪŋ/,早上,59,4,4,4,5,4,5,5,5,6,5,5,3,4
student,/ˈstjudənt/,學生,59,4,4,4,5,4,5,5,5,6,5,5,3,4
learn,/lɝn/,學習,58,4,4,4,5,4,5,4,5,6,5,5,3,4
live,/lɪv/,居住；活著,58,4,4,4,5,4,5,4,5,6,5,5,3,4
pay,/peɪ/,付錢,58,4,4,4,5,4,5,4,5,6,5,5,3,4
way,/weɪ/,方式；道路,58,4,4,4,5,4,5,4,5,6,5,5,3,4
sleep,/slip/,睡覺；睡眠,57,4,4,4,5,4,5,4,5,5,5,5,3,4
story,/ˈstorɪ/,故事,57,4,4,4,5,4,5,4,5,5,5,5,3,4
drink,/drɪŋk/,飲料；喝,55,3,4,3,5,4,5,4,5,5,5,4,3,5
worker,/ˈwɝkɚ/,工人,55,3,4,3,5,4,5,4,5,5,5,4,3,5
game,/ɡeɪm/,遊戲；比賽,54,3,4,3,5,4,5,4,5,5,5,4,3,4
teacher,/ˈtitʃɚ/,老師,54,3,4,3,5,4,5,4,5,5,5,4,3,4
water,/ˈwɔtɚ/,水,54,3,4,3,5,4,5,4,5,5,5,4,3,4
exercise,/ˈɛksɚˌsaɪz/,運動；練習,53,3,4,3,5,4,5,4,4,5,5,4,3,4
picture,/ˈpɪktʃɚ/,圖片,53,3,4,3,5,4,5,4,4,5,5,4,3,4
report,/rɪˈport/,報告,53,3,4,3,5,4,5,4,4,5,5,4,3,4
visit,/ˈvɪzɪt/,參觀；拜訪,53,3,4,3,5,4,5,4,4,5,5,4,3,4
week,/wik/,星期；週,53,3,4,3,5,4,5,4,4,5,5,4,3,4
answer,/ˈænsɚ/,回答；答案,52,3,4,3,5,4,4,4,4,5,5,4,3,4
car,/kɑr/,汽車,52,3,4,3,5,4,4,4,4,5,5,4,3,4
cook,/kʊk/,烹飪；廚師,52,3,4,3,5,4,4,4,4,5,5,4,3,4
enjoy,/ɪnˈdʒɔɪ/,享受,52,3,4,3,5,4,4,4,4,5,5,4,3,4
feel,/fil/,感覺,52,3,4,3,5,4,4,4,4,5,5,4,3,4
find,/faɪnd/,找到；發現,52,3,4,3,5,4,4,4,4,5,5,4,3,4
give,/ɡɪv/,給,52,3,4,3,5,4,4,4,4,5,5,4,3,4
hour,/aʊɚ/,小時,52,3,4,3,5,4,4,4,4,5,5,4,3,4
letter,/ˈlɛtɚ/,信件；字母,52,3,4,3,5,4,4,4,4,5,5,4,3,4
move,/muv/,移動；搬家,52,3,4,3,5,4,4,4,4,5,5,4,3,4
news,/njuz/,新聞,52,3,4,3,5,4,4,4,4,5,5,4,3,4
night,/naɪt/,夜晚,52,3,4,3,5,4,4,4,4,5,5,4,3,4
open,/ˈopən/,開放；打開,52,3,4,3,5,4,4,4,4,5,5,4,3,4
eat,/it/,吃,50,3,3,3,4,3,4,4,4,5,5,5,3,4
get,/ɡɛt/,得到,50,3,3,3,4,3,4,4,4,5,5,5,3,4
go,/ɡo/,去,50,3,3,3,4,3,4,4,4,5,5,5,3,4
see,/si/,看見,50,3,3,3,4,3,4,4,4,5,5,5,3,4
body,/ˈbɑdɪ/,身體,49,3,3,3,4,3,4,4,4,5,5,4,3,4
chance,/tʃæns/,機會,49,3,3,3,4,3,4,4,4,5,5,4,3,4
class,/klæs/,班級；課,49,3,3,3,4,3,4,4,4,5,5,4,3,4
come,/kʌm/,來,49,3,3,3,4,3,4,4,4,5,5,4,3,4
hear,/hɪr/,聽到,49,3,3,3,4,3,4,4,4,5,5,4,3,4
tree,/tri/,樹,49,3,3,3,4,3,4,4,4,5,4,4,3,5
close,/kloz/,關閉；靠近,48,3,3,3,4,3,4,4,4,5,5,4,3,3
birthday,/ˈbɝθˌdeɪ/,生日,47,2,3,2,4,3,4,4,4,5,5,4,3,4
idea,/aɪˈdiə/,想法；主意,47,3,3,3,4,3,4,4,4,5,4,4,3,3
side,/saɪd/,側面；方面,47,3,3,3,4,3,4,4,4,5,4,4,3,3
surprise,/sɚˈpraɪz/,驚喜；使驚訝,47,3,3,3,4,3,4,4,4,5,4,4,3,3
ask,/æsk/,詢問,46,3,3,3,4,3,4,3,4,5,4,4,3,3
bed,/bɛd/,床,46,3,3,3,4,3,4,3,4,5,4,4,3,3
bus,/bʌs/,公車,46,3,3,3,4,3,4,3,4,5,4,4,3,3
dead,/dɛd/,死亡；死的,46,3,3,3,4,3,4,3,4,5,4,4,3,3
family,/ˈfæməlɪ/,家庭,46,3,3,3,4,3,4,3,4,5,4,4,3,3
keep,/kip/,保持；繼續,46,3,3,3,4,3,4,3,4,5,4,4,3,3
make,/meɪk/,製作；使,46,3,3,3,4,3,4,3,4,5,4,4,3,3
mind,/maɪnd/,心思；介意,46,3,3,3,4,3,4,3,4,5,4,4,3,3
park,/pɑrk/,公園；停車,46,3,3,3,4,3,4,3,4,5,4,4,3,3
sure,/ʃʊr/,確定的,46,3,3,3,4,3,4,3,4,5,4,4,3,3
age,/edʒ/,年齡,45,3,3,3,4,3,4,3,4,4,4,4,3,3
animal,/ˈænɪməl/,動物,45,3,3,3,4,3,4,3,4,4,4,4,3,3
boy,/bɔɪ/,男孩,45,3,3,3,4,3,4,3,4,4,4,4,3,3
call,/kɔl/,打電話；叫,45,3,3,3,4,3,4,3,4,4,4,4,3,3
door,/dor/,門,45,3,3,3,4,3,4,3,4,4,4,4,3,3
farmer,/ˈfɑrmɚ/,農夫,45,3,3,3,4,3,4,3,4,4,4,3,3,4
ground,/ɡraʊnd/,地面,45,3,3,3,4,3,4,3,4,4,4,3,3,4
island,/ˈaɪlənd/,島嶼,45,3,3,2,4,3,4,3,4,4,4,3,3,5
late,/leɪt/,遲；晚的,45,3,3,3,4,3,4,3,4,4,4,4,3,3
love,/lʌv/,愛,45,3,3,3,4,3,4,3,4,4,4,4,3,3
man,/mæn/,男人,45,3,3,3,4,3,4,3,4,4,4,4,3,3
name,/neɪm/,名字,45,3,3,3,4,3,4,3,4,4,4,4,3,3
say,/seɪ/,說,45,3,3,3,4,3,4,3,4,4,4,4,3,3
stop,/stɑp/,停止,45,3,3,3,4,3,4,3,4,4,4,4,3,3
take,/teɪk/,拿；帶走,45,3,3,3,4,3,4,3,4,4,4,4,3,3
war,/wɔr/,戰爭,45,3,3,3,4,3,4,3,4,4,4,4,3,3
brain,/breɪn/,大腦,44,3,3,3,4,3,4,3,4,4,4,3,3,3
build,/bɪld/,建造,44,3,3,2,4,3,4,3,4,4,4,3,3,4
color,/ˈkʌlɚ/,顏色,44,3,3,3,4,3,4,3,4,4,4,3,3,3
experience,/ɪkˈspɪrɪəns/,經驗,44,3,3,3,4,3,4,3,4,4,4,3,3,3
face,/feɪs/,臉；面對,44,3,3,3,4,3,4,3,4,4,4,3,3,3
fall,/fɔl/,落下；秋天,44,3,3,3,4,3,4,3,4,4,4,3,3,3
free,/fri/,免費；自由的,44,3,3,3,4,3,4,3,4,4,4,3,3,3
happy,/ˈhæpɪ/,快樂的,44,3,3,3,4,3,4,3,4,4,4,3,3,3
heart,/hɑrt/,心；心臟,44,3,3,3,4,3,4,3,4,4,4,3,3,3
lose,/luz/,失去；輸,44,3,3,3,4,3,4,3,4,4,4,3,3,3
office,/ˈɔfɪs/,辦公室,44,3,3,3,4,3,4,3,4,4,4,3,3,3
price,/praɪs/,價格,44,3,3,3,4,3,4,3,4,4,4,3,3,3
run,/rʌn/,跑,44,3,3,3,4,3,4,3,4,4,4,3,3,3
safe,/seɪf/,安全的,44,3,3,3,4,3,4,3,4,4,4,3,3,3
sea,/si/,海洋,44,3,3,3,4,3,4,3,4,4,4,3,3,3
send,/sɛnd/,發送；寄,44,3,3,3,4,3,4,3,4,4,4,3,3,3
speak,/spik/,說；講,44,3,3,3,4,3,4,3,4,4,4,3,3,3
stand,/stænd/,站立,44,3,3,3,4,3,4,3,4,4,4,3,3,3
summer,/ˈsʌmɚ/,夏天,44,3,3,3,4,3,4,3,4,4,4,3,3,3
true,/tru/,真實的,44,3,3,3,4,3,4,3,4,4,4,3,3,3
turn,/tɝn/,轉；轉動,44,3,3,3,4,3,4,3,4,4,4,3,3,3
understand,/ˌʌndɚˈstænd/,理解,44,3,3,3,4,3,4,3,4,4,4,3,3,3
use,/juz/,使用,44,3,3,3,4,3,4,3,4,4,4,3,3,3
woman,/ˈwʊmən/,女人,44,3,3,3,4,3,4,3,4,4,4,3,3,3
write,/raɪt/,寫,44,3,3,3,4,3,4,3,4,4,4,3,3,3
bread,/brɛd/,麵包,43,3,3,2,4,3,4,3,4,4,4,3,2,4
bring,/brɪŋ/,帶來,43,3,3,2,4,3,4,3,4,4,4,3,3,3
cover,/ˈkʌvɚ/,覆蓋；封面,43,3,3,2,4,3,4,3,4,4,4,3,3,3
different,/ˈdɪfərənt/,不同的,43,3,3,2,4,3,4,3,4,4,4,3,3,3
dog,/dɔɡ/,狗,43,3,3,2,4,3,4,3,4,4,4,3,2,4
earth,/ɝθ/,地球；土地,43,3,3,2,4,3,4,3,4,4,4,3,2,4
fight,/faɪt/,戰鬥；打架,43,3,3,2,4,3,4,3,4,4,4,3,2,4
fire,/faɪɚ/,火；解雇,43,3,3,2,4,3,4,3,4,4,4,3,2,4
grow,/ɡro/,成長；種植,43,3,3,2,4,3,4,3,4,4,4,3,2,4
hot,/hɑt/,熱的,43,3,3,2,4,3,4,3,4,4,4,3,3,3
hurt,/hɝt/,傷害；受傷,43,3,3,2,4,3,4,3,4,4,4,3,3,3
ice,/aɪs/,冰,43,3,3,2,4,3,4,3,4,4,4,3,3,3
number,/ˈnʌmbɚ/,數字；號碼,43,3,3,2,4,3,4,3,4,4,4,3,3,3
oil,/ɔɪl/,石油；油,43,3,3,2,4,3,4,3,4,4,4,3,3,3
photo,/ˈfoto/,照片,43,3,3,2,4,3,4,3,4,4,4,3,3,3
piece,/pis/,一片；一件,43,3,3,2,4,3,4,3,4,4,4,3,3,3
rain,/reɪn/,雨；下雨,43,3,3,2,4,3,4,3,4,4,4,3,3,3
road,/rod/,道路,43,3,3,2,4,3,4,3,4,4,4,3,3,3
save,/seɪv/,拯救；節省,43,3,3,2,4,3,4,3,4,4,4,3,3,3
shoe,/ʃu/,鞋子,43,3,3,2,4,3,4,3,4,4,4,3,3,3
show,/ʃo/,展示；節目,43,3,3,2,4,3,4,3,4,4,4,3,3,3
sick,/sɪk/,生病的,43,3,3,2,4,3,4,3,4,4,4,3,3,3
small,/smɔl/,小的,43,3,3,2,4,3,4,3,4,4,4,3,3,3
sound,/saʊnd/,聲音；聽起來,43,3,3,2,4,3,4,3,4,4,4,3,3,3
special,/ˈspɛʃəl/,特別的,43,3,3,2,4,3,4,3,4,4,4,3,3,3
spend,/spɛnd/,花費；度過,43,3,3,2,4,3,4,3,4,4,4,3,3,3
sport,/spɔrt/,運動,43,3,3,2,4,3,4,3,4,4,4,3,3,3
star,/stɑr/,星星；明星,43,3,3,2,4,3,4,3,4,4,4,3,3,3
study,/ˈstʌdɪ/,研究；學習,43,3,3,2,4,3,4,3,4,4,4,3,3,3
together,/təˈɡɛðɚ/,一起,43,3,3,2,4,3,4,3,4,4,4,3,3,3
try,/traɪ/,嘗試,43,3,3,2,4,3,4,3,4,4,4,3,3,3
win,/wɪn/,贏,43,3,3,2,4,3,4,3,4,4,4,3,3,3
world,/wɝld/,世界,43,3,3,2,4,3,4,3,4,4,4,3,3,3
wrong,/rɔŋ/,錯誤的,43,3,3,2,4,3,4,3,4,4,4,3,3,3
act,/ækt/,行動；表演,42,3,3,2,4,3,4,3,4,4,4,3,2,3
afternoon,/ˌæftɚˈnun/,下午,42,3,3,2,4,3,4,3,4,4,4,3,2,3
agree,/əˈɡri/,同意,42,3,3,2,4,3,4,3,4,4,4,3,2,3
bird,/bɝd/,鳥,42,3,3,2,4,3,4,3,4,4,4,3,2,3
cake,/keɪk/,蛋糕,42,3,3,2,4,3,4,3,4,4,4,3,2,3
children,/ˈtʃɪldrən/,孩子們,42,3,3,2,4,3,4,3,4,4,4,3,2,3
clean,/klin/,清潔；乾淨的,42,3,3,2,4,3,4,3,4,4,4,3,2,3
clear,/klɪr/,清晰的,42,3,3,2,4,3,4,3,4,4,4,3,2,3
die,/daɪ/,死亡,42,3,3,2,4,3,4,3,4,4,4,3,2,3
dream,/drim/,夢想；夢,42,3,3,2,4,3,4,3,4,4,4,3,2,3
easy,/ˈizɪ/,容易的,42,3,3,2,4,3,4,3,4,4,4,3,2,3
evening,/ˈivnɪŋ/,傍晚,42,3,3,2,4,3,4,3,4,4,4,3,2,3
eye,/aɪ/,眼睛,42,3,3,2,4,3,4,3,4,4,4,3,2,3
flower,/ˈflaʊɚ/,花,42,3,3,2,4,3,4,3,4,4,4,3,2,3
fly,/flaɪ/,飛,42,3,3,2,4,3,4,3,4,4,4,3,2,3
forget,/fɚˈɡɛt/,忘記,42,3,3,2,4,3,4,3,4,4,4,3,2,3
future,/ˈfjutʃɚ/,未來,42,3,3,2,4,3,4,3,4,4,4,3,2,3
girl,/ɡɝl/,女孩,42,3,3,2,4,3,4,3,4,4,4,3,2,3
hair,/hɛr/,頭髮,42,3,3,2,4,3,4,3,4,4,4,3,2,3
hand,/hænd/,手,42,3,3,2,4,3,4,3,4,4,4,3,2,3
hard,/hɑrd/,困難的；努力地,42,3,3,2,4,3,4,3,4,4,4,3,2,3
head,/hɛd/,頭；負責人,42,3,3,2,4,3,4,3,4,4,4,3,2,3
hit,/hɪt/,打；碰撞,42,3,3,2,4,3,4,3,4,4,4,3,2,3
hospital,/ˈhɑspɪtl/,醫院,42,3,3,2,4,3,4,3,4,4,4,3,2,3
hotel,/hoˈtɛl/,旅館,42,3,3,2,4,3,4,3,4,4,4,3,2,3
important,/ɪmˈpɔrtənt/,重要的,42,3,3,2,4,3,4,3,4,4,4,3,2,3
interest,/ˈɪntrɪst/,興趣,42,3,3,2,4,3,4,3,4,4,4,3,2,3
invite,/ɪnˈvaɪt/,邀請,42,3,3,2,4,3,4,3,4,4,4,3,2,3
join,/dʒɔɪn/,加入,42,3,3,2,4,3,4,3,4,4,4,3,2,3
lake,/leɪk/,湖,42,3,3,2,4,3,4,3,4,4,4,3,2,3
laugh,/læf/,笑,42,3,3,2,4,3,4,3,4,4,4,3,2,3
map,/mæp/,地圖,42,3,3,2,4,3,4,3,4,4,4,3,2,3
meal,/mil/,一餐,42,3,3,2,4,3,4,3,4,4,4,3,2,3
meet,/mit/,遇見；開會,42,3,3,2,4,3,4,3,4,4,4,3,2,3
minute,/ˈmɪnɪt/,分鐘,42,3,3,2,4,3,4,3,4,4,4,3,2,3
miss,/mɪs/,錯過；想念,42,3,3,2,4,3,4,3,4,4,4,3,2,3
month,/mʌnθ/,月份,42,3,3,2,4,3,4,3,4,4,4,3,2,3
nature,/ˈnetʃɚ/,自然,42,3,3,2,4,3,4,3,4,4,4,3,2,3
need,/nid/,需要,42,3,3,2,4,3,4,3,4,4,4,3,2,3
paper,/ˈpeɪpɚ/,紙；報紙,42,3,3,2,4,3,4,3,4,4,4,3,2,3
pass,/pæs/,通過；傳遞,42,3,3,2,4,3,4,3,4,4,4,3,2,3
person,/ˈpɝsən/,人；個人,42,3,3,2,4,3,4,3,4,4,4,3,2,3
play,/pleɪ/,玩耍；演奏,42,3,3,2,4,3,4,3,4,4,4,3,2,3
popular,/ˈpɑpjəlɚ/,受歡迎的,42,3,3,2,4,3,4,3,4,4,4,3,2,3
possible,/ˈpɑsɪbəl/,可能的,42,3,3,2,4,3,4,3,4,4,4,3,2,3
prepare,/prɪˈpɛr/,準備,42,3,3,2,4,3,4,3,4,4,4,3,2,3
put,/pʊt/,放,42,3,3,2,4,3,4,3,4,4,4,3,2,3
ready,/ˈrɛdɪ/,準備好的,42,3,3,2,4,3,4,3,4,4,4,3,2,3
remember,/rɪˈmɛmbɚ/,記得,42,3,3,2,4,3,4,3,4,4,4,3,2,3
restaurant,/ˈrɛstɚənt/,餐廳,42,3,3,2,4,3,4,3,4,4,4,3,2,3
rise,/raɪz/,上升,42,3,3,2,4,3,4,3,4,4,4,3,2,3
sell,/sɛl/,賣,42,3,3,2,4,3,4,3,4,4,4,3,2,3
service,/ˈsɝvɪs/,服務,42,3,3,2,4,3,4,3,4,4,4,3,2,3
share,/ʃɛr/,分享；分擔,42,3,3,2,4,3,4,3,4,4,4,3,2,3
shout,/ʃaʊt/,大喊,42,3,3,2,4,3,4,3,4,4,4,3,2,3
sign,/saɪn/,標誌；簽名,42,3,3,2,4,3,4,3,4,4,4,3,2,3
smile,/smaɪl/,微笑,42,3,3,2,4,3,4,3,4,4,4,3,2,3
store,/stɔr/,商店；儲存,42,3,3,2,4,3,4,3,4,4,4,3,2,3
strong,/strɔŋ/,強壯的,42,3,3,2,4,3,4,3,4,4,4,3,2,3
swim,/swɪm/,游泳,42,3,3,2,4,3,4,3,4,4,4,3,2,3
talk,/tɔk/,談話,42,3,3,2,4,3,4,3,4,4,4,3,2,3
tell,/tɛl/,告訴,42,3,3,2,4,3,4,3,4,4,4,3,2,3
ticket,/ˈtɪkɪt/,票,42,3,3,2,4,3,4,3,4,4,4,3,2,3
tired,/taɪɚd/,疲倦的,42,3,3,2,4,3,4,3,4,4,4,3,2,3
walk,/wɔk/,走路,42,3,3,2,4,3,4,3,4,4,4,3,2,3
warm,/wɔrm/,溫暖的,42,3,3,2,4,3,4,3,4,4,4,3,2,3
watch,/wɑtʃ/,觀看；手錶,42,3,3,2,4,3,4,3,4,4,4,3,2,3
weather,/ˈwɛðɚ/,天氣,42,3,3,2,4,3,4,3,4,4,4,3,2,3
weekend,/ˈwikˌɛnd/,週末,42,3,3,2,4,3,4,3,4,4,4,3,2,3
word,/wɝd/,詞；字,42,3,3,2,4,3,4,3,4,4,4,3,2,3
worry,/ˈwɝɪ/,擔心,42,3,3,2,4,3,4,3,4,4,4,3,2,3
sugar,/ˈʃʊɡɚ/,糖,41,2,2,2,3,3,3,3,3,5,5,5,2,3
able,/ˈebəl/,能夠的,40,3,3,2,4,3,3,3,3,4,4,3,2,3
abroad,/əˈbrɔd/,在海外,37,2,2,2,3,2,3,3,3,4,4,3,2,4
borrow,/ˈbɑro/,借入,37,2,2,2,3,2,3,3,3,4,4,3,2,4
dark,/dɑrk/,黑暗的,37,2,2,2,3,2,3,3,3,4,4,3,2,4
dinner,/ˈdɪnɚ/,晚餐,37,2,2,2,3,2,3,3,3,4,4,3,2,4
dress,/drɛs/,洋裝；穿著,37,2,2,2,3,2,3,3,3,4,4,3,2,4
drive,/draɪv/,駕駛,37,2,2,2,3,2,3,3,3,4,4,3,2,4
duck,/dʌk/,鴨子,37,2,2,2,3,2,3,3,3,4,4,3,2,4
effect,/ɪˈfɛkt/,效應；效果,37,2,2,2,3,2,3,3,3,4,4,3,2,4
farm,/fɑrm/,農場,37,2,2,2,3,2,3,3,3,4,4,3,2,4
festival,/ˈfɛstɪvəl/,節日；慶典,37,2,2,2,3,2,3,3,3,4,4,3,2,4
gift,/ɡɪft/,禮物,37,2,2,2,3,2,3,3,3,4,4,3,2,4
heat,/hit/,熱；加熱,37,2,2,2,3,2,3,3,3,4,4,3,2,4
hungry,/ˈhʌŋɡrɪ/,飢餓的,37,2,2,2,3,2,3,3,3,4,4,3,2,4
knife,/naɪf/,刀,37,2,2,2,3,2,3,3,3,4,4,3,2,4
land,/lænd/,陸地；降落,37,2,2,2,3,2,3,3,3,4,4,3,2,4
lend,/lɛnd/,借出,37,2,2,2,3,2,3,3,3,4,4,3,2,4
line,/laɪn/,線；路線,37,2,2,2,3,2,3,3,3,4,4,3,2,4
machine,/məˈʃin/,機器,37,2,2,2,3,2,3,3,3,4,4,3,2,4
market,/ˈmɑrkɪt/,市場,37,2,2,2,3,2,3,3,3,4,4,3,2,4
party,/ˈpɑrtɪ/,派對,37,2,2,2,3,2,3,3,3,4,4,3,2,4
police,/pəˈlis/,警察,37,2,2,2,3,2,3,3,3,4,4,3,2,4
power,/ˈpaʊɚ/,力量；電力,37,2,2,2,3,2,3,3,3,4,4,3,2,4
rock,/rɑk/,岩石,37,2,2,2,3,2,3,3,3,4,4,3,2,4
rule,/rul/,規則,37,2,2,2,3,2,3,3,3,4,4,3,2,4
sheep,/ʃip/,羊,37,2,2,2,3,2,3,3,3,4,4,3,2,4
teenager,/ˈtinˌedʒɚ/,青少年,37,2,2,2,3,2,3,3,4,4,4,3,2,3
town,/taʊn/,小鎮,37,2,2,2,3,2,3,3,3,4,4,3,2,4
traffic,/ˈtræfɪk/,交通,37,2,2,2,3,2,3,3,3,4,4,3,2,4
vegetable,/ˈvɛdʒɪtɪbəl/,蔬菜,37,2,2,2,3,2,3,3,3,4,4,3,2,4
address,/ˈædrɛs/,地址,36,2,2,2,3,2,3,3,3,4,4,3,2,3
afraid,/əˈfred/,害怕的,36,2,2,2,3,2,3,3,3,4,4,3,2,3
allow,/əˈlaʊ/,允許,36,2,2,2,3,2,3,3,3,4,4,3,2,3
alone,/əˈlon/,獨自,36,2,2,2,3,2,3,3,3,4,4,3,2,3
apartment,/əˈpɑrtmənt/,公寓,36,2,2,2,3,2,3,3,3,4,4,3,2,3
attack,/əˈtæk/,攻擊,36,2,2,2,3,2,3,3,3,4,4,3,2,3
bake,/beɪk/,烤,36,2,2,2,3,2,3,3,3,4,4,3,2,3
balcony,/ˈbælkənɪ/,陽台,36,2,2,2,3,2,3,3,3,4,4,3,2,3
basket,/ˈbæskɪt/,籃子,36,2,2,2,3,2,3,3,3,4,4,3,2,3
beautiful,/ˈbjutɪfəl/,美麗的,36,2,2,2,3,2,3,3,3,4,4,3,2,3
believe,/bɪˈliv/,相信,36,2,2,2,3,2,3,3,3,4,4,3,2,3
better,/ˈbɛtɚ/,更好的,36,2,2,2,3,2,3,3,3,4,4,3,2,3
bike,/baɪk/,自行車,36,2,2,2,3,2,3,3,3,4,4,3,2,3
bookstore,/ˈbʊkˌstɔr/,書店,36,2,2,2,3,2,3,3,3,4,4,3,2,3
born,/bɔrn/,出生的,36,2,2,2,3,2,3,3,3,4,4,3,2,3
bottle,/ˈbɑtl/,瓶子,36,2,2,2,3,2,3,3,3,4,4,3,2,3
bowl,/bol/,碗,36,2,2,2,3,2,3,3,3,4,4,3,2,3
brave,/breɪv/,勇敢的,36,2,2,2,3,2,3,3,3,4,4,3,2,3
break,/breɪk/,打破,36,2,2,2,3,2,3,3,3,4,4,3,2,3
building,/ˈbɪldɪŋ/,建築物,36,2,2,2,3,2,3,3,3,4,4,3,2,3
burn,/bɝn/,燃燒,36,2,2,2,3,2,3,3,3,4,4,3,2,3
camp,/kæmp/,露營,36,2,2,2,3,2,3,3,3,4,4,3,2,3
card,/kɑrd/,卡片,36,2,2,2,3,2,3,3,3,4,4,3,2,3
care,/kɛr/,照顧；在乎,36,2,2,2,3,2,3,3,3,4,4,3,2,3
careful,/ˈkɛrfəl/,小心的,36,2,2,2,3,2,3,3,3,4,4,3,2,3
catch,/kætʃ/,抓住,36,2,2,2,3,2,3,3,3,4,4,3,2,3
celebrate,/ˈsɛlɪˌbreɪt/,慶祝,36,2,2,2,3,2,3,3,3,4,4,3,2,3
century,/ˈsɛntʃərɪ/,世紀,36,2,2,2,3,2,3,3,3,4,4,3,2,3
cheesecake,/ˈtʃizˌkeɪk/,起司蛋糕,36,2,2,2,3,2,3,3,3,4,4,3,2,3
chocolate,/ˈtʃɑklɪt/,巧克力,36,2,2,2,3,2,3,3,3,4,4,3,2,3
choose,/tʃuz/,選擇,36,2,2,2,3,2,3,3,3,4,4,3,2,3
collect,/kəˈlɛkt/,收集,36,2,2,2,3,2,3,3,3,4,4,3,2,3
competition,/ˌkɑmpɪˈtɪʃən/,競賽,36,2,2,2,3,2,3,3,3,4,4,3,2,3
complete,/kəmˈplit/,完成,36,2,2,2,3,2,3,3,3,4,4,3,2,3
condition,/kənˈdɪʃən/,條件；狀況,36,2,2,2,3,2,3,3,3,4,4,3,2,3
cool,/kul/,涼爽的；酷的,36,2,2,2,3,2,3,3,3,4,4,3,2,3
cost,/kɔst/,花費；成本,36,2,2,2,3,2,3,3,3,4,4,3,2,3
crazy,/ˈkrezɪ/,瘋狂的,36,2,2,2,3,2,3,3,3,4,4,3,2,3
create,/kriˈeɪt/,創造,36,2,2,2,3,2,3,3,3,4,4,3,2,3
curious,/ˈkjʊrɪəs/,好奇的,36,2,2,2,3,2,3,3,3,4,4,3,2,3
cut,/kʌt/,切,36,2,2,2,3,2,3,3,3,4,4,3,2,3
dance,/dæns/,跳舞,36,2,2,2,3,2,3,3,3,4,4,3,2,3
danger,/ˈdendʒɚ/,危險,36,2,2,2,3,2,3,3,3,4,4,3,2,3
dangerous,/ˈdendʒərəs/,危險的,36,2,2,2,3,2,3,3,3,4,4,3,2,3
date,/deɪt/,日期,36,2,2,2,3,2,3,3,3,4,4,3,2,3
death,/dɛθ/,死亡,36,2,2,2,3,2,3,3,3,4,4,3,2,3
decide,/dɪˈsaɪd/,決定,36,2,2,2,3,2,3,3,3,4,4,3,2,3
decision,/dɪˈsɪʒən/,決定,36,2,2,2,3,2,3,3,3,4,4,3,2,3
delicious,/dɪˈlɪʃəs/,美味的,36,2,2,2,3,2,3,3,3,4,4,3,2,3
describe,/dɪˈskraɪb/,描述,36,2,2,2,3,2,3,3,3,4,4,3,2,3
design,/dɪˈzaɪn/,設計,36,2,2,2,3,2,3,3,3,4,4,3,2,3
direction,/dɪˈrɛkʃən/,方向,36,2,2,2,3,2,3,3,3,4,4,3,2,3
dirty,/ˈdɝtɪ/,骯髒的,36,2,2,2,3,2,3,3,3,4,4,3,2,3
discover,/dɪˈskʌvɚ/,發現,36,2,2,2,3,2,3,3,3,4,4,3,2,3
distance,/ˈdɪstəns/,距離,36,2,2,2,3,2,3,3,3,4,4,3,2,3
doctor,/ˈdɑktɚ/,醫生,36,2,2,2,3,2,3,3,3,4,4,3,2,3
draw,/drɔ/,畫；拉,36,2,2,2,3,2,3,3,3,4,4,3,2,3
drawer,/drɔr/,抽屜,36,2,2,2,3,2,3,3,3,4,4,3,2,3
drop,/drɑp/,落下；滴,36,2,2,2,3,2,3,3,3,4,4,3,2,3
dry,/draɪ/,乾燥的,36,2,2,2,3,2,3,3,3,4,4,3,2,3
early,/ˈɝlɪ/,早的；早地,36,2,2,2,3,2,3,3,3,4,4,3,2,3
education,/ˌɛdʒʊˈkeʃən/,教育,36,2,2,2,3,2,3,3,3,4,4,3,2,3
envelope,/ˈɛnvəˌlop/,信封,36,2,2,2,3,2,3,3,3,4,4,3,2,3
example,/ɪɡˈzæmpəl/,例子,36,2,2,2,3,2,3,3,3,4,4,3,2,3
expect,/ɪkˈspɛkt/,期待,36,2,2,2,3,2,3,3,3,4,4,3,2,3
explain,/ɪkˈspleɪn/,解釋,36,2,2,2,3,2,3,3,3,4,4,3,2,3
explore,/ɪkˈsplɔr/,探索,36,2,2,2,3,2,3,3,3,4,4,3,2,3
fact,/fækt/,事實,36,2,2,2,3,2,3,3,3,4,4,3,2,3
famous,/ˈfeɪməs/,著名的,36,2,2,2,3,2,3,3,3,4,4,3,2,3
fast,/fæst/,快速的；快速地,36,2,2,2,3,2,3,3,3,4,4,3,2,3
fat,/fæt/,脂肪；肥胖的,36,2,2,2,3,2,3,3,3,4,4,3,2,3
finally,/ˈfaɪnəlɪ/,最終地,36,2,2,2,3,2,3,3,3,4,4,3,2,3
fix,/fɪks/,修理；解決,36,2,2,2,3,2,3,3,3,4,4,3,2,3
follow,/ˈfɑlo/,跟隨,36,2,2,2,3,2,3,3,3,4,4,3,2,3
force,/fɔrs/,力量；強迫,36,2,2,2,3,2,3,3,3,4,4,3,2,3
foreign,/ˈfɔrɪn/,外國的,36,2,2,2,3,2,3,3,3,4,4,3,2,3
forest,/ˈfɔrɪst/,森林,36,2,2,2,3,2,3,3,3,4,4,3,2,3
fresh,/frɛʃ/,新鮮的,36,2,2,2,3,2,3,3,3,4,4,3,2,3
full,/fʊl/,滿的,36,2,2,2,3,2,3,3,3,4,4,3,2,3
garbage,/ˈɡɑrbɪdʒ/,垃圾,36,2,2,2,3,2,3,3,3,4,4,3,2,3
generation,/ˌdʒɛnəˈreʃən/,世代,36,2,2,2,3,2,3,3,3,4,4,3,2,3
glass,/ɡlæs/,玻璃；杯子,36,2,2,2,3,2,3,3,3,4,4,3,2,3
green,/ɡrin/,綠色的,36,2,2,2,3,2,3,3,3,4,4,3,2,3
guess,/ɡɛs/,猜測,36,2,2,2,3,2,3,3,3,4,4,3,2,3
habit,/ˈhæbɪt/,習慣,36,2,2,2,3,2,3,3,3,4,4,3,2,3
happen,/ˈhæpən/,發生,36,2,2,2,3,2,3,3,3,4,4,3,2,3
hate,/heɪt/,憎恨,36,2,2,2,3,2,3,3,3,4,4,3,2,3
headache,/ˈhɛdˌeɪk/,頭痛,36,2,2,2,3,2,3,3,3,4,4,3,2,3
heavy,/ˈhɛvɪ/,重的,36,2,2,2,3,2,3,3,3,4,4,3,2,3
helpful,/ˈhɛlpfəl/,有幫助的,36,2,2,2,3,2,3,3,3,4,4,3,2,3
hide,/haɪd/,躲藏；隱藏,36,2,2,2,3,2,3,3,3,4,4,3,2,3
hill,/hɪl/,山丘,36,2,2,2,3,2,3,3,3,4,4,3,2,3
history,/ˈhɪstrɪ/,歷史,36,2,2,2,3,2,3,3,3,4,4,3,2,3
hold,/hold/,持有；舉行,36,2,2,2,3,2,3,3,3,4,4,3,2,3
homework,/ˈhomˌwɝk/,作業,36,2,2,2,3,2,3,3,3,4,4,3,2,3
honest,/ˈɑnɪst/,誠實的,36,2,2,2,3,2,3,3,3,4,4,3,2,3
hope,/hop/,希望,36,2,2,2,3,2,3,3,3,4,4,3,2,3
hunt,/hʌnt/,打獵；搜尋,36,2,2,2,3,2,3,3,3,4,4,3,2,3
husband,/ˈhʌzbənd/,丈夫,36,2,2,2,3,2,3,3,3,4,4,3,2,3
information,/ˌɪnfɚˈmeʃən/,資訊,36,2,2,2,3,2,3,3,3,4,4,3,2,3
insect,/ˈɪnsɛkt/,昆蟲,36,2,2,2,3,2,3,3,3,4,4,3,2,3
internet,/ˈɪntɚˌnɛt/,網際網路,36,2,2,2,3,2,3,3,3,4,4,3,2,3
interview,/ˈɪntɚˌvju/,面試；採訪,36,2,2,2,3,2,3,3,3,4,4,3,2,3
introduce,/ˌɪntrəˈdjus/,介紹,36,2,2,2,3,2,3,3,3,4,4,3,2,3
invitation,/ˌɪnvɪˈteʃən/,邀請函,36,2,2,2,3,2,3,3,3,4,4,3,2,3
job,/dʒɑb/,工作；職業,36,2,2,2,3,2,3,3,3,4,4,3,2,3
jump,/dʒʌmp/,跳,36,2,2,2,3,2,3,3,3,4,4,3,2,3
kill,/kɪl/,殺死,36,2,2,2,3,2,3,3,3,4,4,3,2,3
kind,/kaɪnd/,種類；善良的,36,2,2,2,3,2,3,3,3,4,4,3,2,3
king,/kɪŋ/,國王,36,2,2,2,3,2,3,3,3,4,4,3,2,3
kitchen,/ˈkɪtʃɪn/,廚房,36,2,2,2,3,2,3,3,3,4,4,3,2,3
language,/ˈlæŋɡwɪdʒ/,語言,36,2,2,2,3,2,3,3,3,4,4,3,2,3
lazy,/ˈlezɪ/,懶惰的,36,2,2,2,3,2,3,3,3,4,4,3,2,3
leader,/ˈlidɚ/,領導者,36,2,2,2,3,2,3,3,3,4,4,3,2,3
lesson,/ˈlɛsən/,課；教訓,36,2,2,2,3,2,3,3,3,4,4,3,2,3
level,/ˈlɛvəl/,水平；程度,36,2,2,2,3,2,3,3,3,4,4,3,2,3
library,/ˈlaɪˌbrɛrɪ/,圖書館,36,2,2,2,3,2,3,3,3,4,4,3,2,3
lie,/laɪ/,說謊；躺,36,2,2,2,3,2,3,3,3,4,4,3,2,3
light,/laɪt/,光；燈；輕的,36,2,2,2,3,2,3,3,3,4,4,3,2,3
list,/lɪst/,清單,36,2,2,2,3,2,3,3,3,4,4,3,2,3
look,/lʊk/,看,36,2,2,2,3,2,3,3,3,4,4,3,2,3
loud,/laʊd/,大聲的,36,2,2,2,3,2,3,3,3,4,4,3,2,3
low,/lo/,低的,36,2,2,2,3,2,3,3,3,4,4,3,2,3
lucky,/ˈlʌkɪ/,幸運的,36,2,2,2,3,2,3,3,3,4,4,3,2,3
magic,/ˈmædʒɪk/,魔法,36,2,2,2,3,2,3,3,3,4,4,3,2,3
marry,/ˈmærɪ/,結婚,36,2,2,2,3,2,3,3,3,4,4,3,2,3
math,/mæθ/,數學,36,2,2,2,3,2,3,3,3,4,4,3,2,3
meaning,/ˈminɪŋ/,意思,36,2,2,2,3,2,3,3,3,4,4,3,2,3
medicine,/ˈmɛdɪsɪn/,藥物；醫學,36,2,2,2,3,2,3,3,3,4,4,3,2,3
meeting,/ˈmitɪŋ/,會議,36,2,2,2,3,2,3,3,3,4,4,3,2,3
member,/ˈmɛmbɚ/,成員,36,2,2,2,3,2,3,3,3,4,4,3,2,3
message,/ˈmɛsɪdʒ/,訊息,36,2,2,2,3,2,3,3,3,4,4,3,2,3
middle,/ˈmɪdəl/,中間的,36,2,2,2,3,2,3,3,3,4,4,3,2,3
modern,/ˈmɑdɚn/,現代的,36,2,2,2,3,2,3,3,3,4,4,3,2,3
moment,/ˈmomənt/,時刻,36,2,2,2,3,2,3,3,3,4,4,3,2,3
mountain,/ˈmaʊntən/,山,36,2,2,2,3,2,3,3,3,4,4,3,2,3
movie,/ˈmuvɪ/,電影,36,2,2,2,3,2,3,3,3,4,4,3,2,3
museum,/mjuˈziəm/,博物館,36,2,2,2,3,2,3,3,3,4,4,3,2,3
narrow,/ˈnæro/,狹窄的,36,2,2,2,3,2,3,3,3,4,4,3,2,3
national,/ˈnæʃənəl/,國家的,36,2,2,2,3,2,3,3,3,4,4,3,2,3
near,/nɪr/,靠近的,36,2,2,2,3,2,3,3,3,4,4,3,2,3
nearly,/ˈnɪrlɪ/,幾乎,36,2,2,2,3,2,3,3,3,4,4,3,2,3
neck,/nɛk/,脖子,36,2,2,2,3,2,3,3,3,4,4,3,2,3
neighbor,/ˈnebɚ/,鄰居,36,2,2,2,3,2,3,3,3,4,4,3,2,3
newspaper,/ˈnjuzˌpeɪpɚ/,報紙,36,2,2,2,3,2,3,3,3,4,4,3,2,3
notice,/ˈnotɪs/,注意,36,2,2,2,3,2,3,3,3,4,4,3,2,3
organization,/ˌɔrɡənɪˈzeʃən/,組織,36,2,2,2,3,2,3,3,3,4,4,3,2,3
owner,/ˈonɚ/,擁有者,36,2,2,2,3,2,3,3,3,4,4,3,2,3
page,/pedʒ/,頁,36,2,2,2,3,2,3,3,3,4,4,3,2,3
painting,/ˈpentɪŋ/,畫作；繪畫,36,2,2,2,3,2,3,3,3,4,4,3,2,3
percent,/pɚˈsɛnt/,百分之,36,2,2,2,3,2,3,3,3,4,4,3,2,3
perhaps,/pɚˈhæps/,也許,36,2,2,2,3,2,3,3,3,4,4,3,2,3
permission,/pɚˈmɪʃən/,允許,36,2,2,2,3,2,3,3,3,4,4,3,2,3
plan,/plæn/,計劃,36,2,2,2,3,2,3,3,3,4,4,3,2,3
plant,/plænt/,植物；種植,36,2,2,2,3,2,3,3,3,4,4,3,2,3
pocket,/ˈpɑkɪt/,口袋,36,2,2,2,3,2,3,3,3,4,4,3,2,3
point,/pɔɪnt/,點；重點,36,2,2,2,3,2,3,3,3,4,4,3,2,3
population,/ˌpɑpjəˈleʃən/,人口,36,2,2,2,3,2,3,3,3,4,4,3,2,3
postcard,/ˈpostˌkɑrd/,明信片,36,2,2,2,3,2,3,3,3,4,4,3,2,3
practice,/ˈpræktɪs/,練習,36,2,2,2,3,2,3,3,3,4,4,3,2,3
presentation,/ˌprɛzənˈteʃən/,報告；呈現,36,2,2,2,3,2,3,3,3,4,4,3,2,3
prize,/praɪz/,獎品,36,2,2,2,3,2,3,3,3,4,4,3,2,3
probably,/ˈprɑbəblɪ/,可能地,36,2,2,2,3,2,3,3,3,4,4,3,2,3
produce,/prəˈdjus/,生產,36,2,2,2,3,2,3,3,3,4,4,3,2,3
protect,/prəˈtɛkt/,保護,36,2,2,2,3,2,3,3,3,4,4,3,2,3
protection,/prəˈtɛkʃən/,保護,36,2,2,2,3,2,3,3,3,4,4,3,2,3
proud,/praʊd/,驕傲的,36,2,2,2,3,2,3,3,3,4,4,3,2,3
public,/ˈpʌblɪk/,公共的,36,2,2,2,3,2,3,3,3,4,4,3,2,3
pull,/pʊl/,拉,36,2,2,2,3,2,3,3,3,4,4,3,2,3
push,/pʊʃ/,推,36,2,2,2,3,2,3,3,3,4,4,3,2,3
queen,/kwin/,女王,36,2,2,2,3,2,3,3,3,4,4,3,2,3
question,/ˈkwɛstʃən/,問題,36,2,2,2,3,2,3,3,3,4,4,3,2,3
quick,/kwɪk/,迅速的,36,2,2,2,3,2,3,3,3,4,4,3,2,3
race,/reɪs/,比賽；種族,36,2,2,2,3,2,3,3,3,4,4,3,2,3
reason,/ˈrizən/,原因,36,2,2,2,3,2,3,3,3,4,4,3,2,3
receive,/rɪˈsiv/,收到,36,2,2,2,3,2,3,3,3,4,4,3,2,3
recommend,/ˌrɛkəˈmɛnd/,推薦,36,2,2,2,3,2,3,3,3,4,4,3,2,3
refrigerator,/rɪˈfrɪdʒəˌretɚ/,冰箱,36,2,2,2,3,2,3,3,3,4,4,3,2,3
repair,/rɪˈpɛr/,修理,36,2,2,2,3,2,3,3,3,4,4,3,2,3
reporter,/rɪˈpɔrtɚ/,記者,36,2,2,2,3,2,3,3,3,4,4,3,2,3
respect,/rɪˈspɛkt/,尊敬；尊重,36,2,2,2,3,2,3,3,3,4,4,3,2,3
result,/rɪˈzʌlt/,結果,36,2,2,2,3,2,3,3,3,4,4,3,2,3
return,/rɪˈtɝn/,返回,36,2,2,2,3,2,3,3,3,4,4,3,2,3
river,/ˈrɪvɚ/,河流,36,2,2,2,3,2,3,3,3,4,4,3,2,3
season,/ˈsizən/,季節,36,2,2,2,3,2,3,3,3,4,4,3,2,3
seat,/sit/,座位,36,2,2,2,3,2,3,3,3,4,4,3,2,3
second,/ˈsɛkənd/,第二；秒,36,2,2,2,3,2,3,3,3,4,4,3,2,3
sentence,/ˈsɛntəns/,句子,36,2,2,2,3,2,3,3,3,4,4,3,2,3
serious,/ˈsɪrɪəs/,嚴肅的；嚴重的,36,2,2,2,3,2,3,3,3,4,4,3,2,3
set,/sɛt/,設置；一套,36,2,2,2,3,2,3,3,3,4,4,3,2,3
sharp,/ʃɑrp/,鋒利的,36,2,2,2,3,2,3,3,3,4,4,3,2,3
short,/ʃɔrt/,短的；矮的,36,2,2,2,3,2,3,3,3,4,4,3,2,3
shy,/ʃaɪ/,害羞的,36,2,2,2,3,2,3,3,3,4,4,3,2,3
sing,/sɪŋ/,唱歌,36,2,2,2,3,2,3,3,3,4,4,3,2,3
singer,/ˈsɪŋɚ/,歌手,36,2,2,2,3,2,3,3,3,4,4,3,2,3
sister,/ˈsɪstɚ/,姊妹,36,2,2,2,3,2,3,3,3,4,4,3,2,3
situation,/ˌsɪtʃuˈeʃən/,情況,36,2,2,2,3,2,3,3,3,4,4,3,2,3
size,/saɪz/,尺寸,36,2,2,2,3,2,3,3,3,4,4,3,2,3
skill,/skɪl/,技能,36,2,2,2,3,2,3,3,3,4,4,3,2,3
slow,/slo/,慢的,36,2,2,2,3,2,3,3,3,4,4,3,2,3
smart,/smɑrt/,聰明的,36,2,2,2,3,2,3,3,3,4,4,3,2,3
snack,/snæk/,點心,36,2,2,2,3,2,3,3,3,4,4,3,2,3
snow,/sno/,雪,36,2,2,2,3,2,3,3,3,4,4,3,2,3
social,/ˈsoʃəl/,社交的,36,2,2,2,3,2,3,3,3,4,4,3,2,3
society,/səˈsaɪətɪ/,社會,36,2,2,2,3,2,3,3,3,4,4,3,2,3
solution,/səˈluʃən/,解決方案,36,2,2,2,3,2,3,3,3,4,4,3,2,3
song,/sɔŋ/,歌曲,36,2,2,2,3,2,3,3,3,4,4,3,2,3
space,/speɪs/,空間；太空,36,2,2,2,3,2,3,3,3,4,4,3,2,3
speaker,/ˈspikɚ/,演說者；喇叭,36,2,2,2,3,2,3,3,3,4,4,3,2,3
stage,/stedʒ/,舞台；階段,36,2,2,2,3,2,3,3,3,4,4,3,2,3
start,/stɑrt/,開始,36,2,2,2,3,2,3,3,3,4,4,3,2,3
stay,/steɪ/,留下,36,2,2,2,3,2,3,3,3,4,4,3,2,3
strange,/strendʒ/,奇怪的,36,2,2,2,3,2,3,3,3,4,4,3,2,3
stranger,/ˈstrendʒɚ/,陌生人,36,2,2,2,3,2,3,3,3,4,4,3,2,3
strawberry,/ˈstrɔˌbɛrɪ/,草莓,36,2,2,2,3,2,3,3,3,4,4,3,2,3
street,/strit/,街道,36,2,2,2,3,2,3,3,3,4,4,3,2,3
stupid,/ˈstjupɪd/,愚蠢的,36,2,2,2,3,2,3,3,3,4,4,3,2,3
subject,/ˈsʌbdʒɪkt/,科目；主題,36,2,2,2,3,2,3,3,3,4,4,3,2,3
success,/səkˈsɛs/,成功,36,2,2,2,3,2,3,3,3,4,4,3,2,3
suggest,/səˈdʒɛst/,建議,36,2,2,2,3,2,3,3,3,4,4,3,2,3
suggestion,/səˈdʒɛstʃən/,建議,36,2,2,2,3,2,3,3,3,4,4,3,2,3
supermarket,/ˈsupɚˌmɑrkɪt/,超市,36,2,2,2,3,2,3,3,3,4,4,3,2,3
table,/ˈtebəl/,桌子,36,2,2,2,3,2,3,3,3,4,4,3,2,3
taste,/teɪst/,味道；品嚐,36,2,2,2,3,2,3,3,3,4,4,3,2,3
team,/tim/,團隊,36,2,2,2,3,2,3,3,3,4,4,3,2,3
technology,/tɛkˈnɑlədʒɪ/,科技,36,2,2,2,3,2,3,3,3,4,4,3,2,3
telephone,/ˈtɛləˌfon/,電話,36,2,2,2,3,2,3,3,3,4,4,3,2,3
temperature,/ˈtɛmprɪtʃɚ/,溫度,36,2,2,2,3,2,3,3,3,4,4,3,2,3
terrible,/ˈtɛrɪbəl/,可怕的,36,2,2,2,3,2,3,3,3,4,4,3,2,3
thick,/θɪk/,厚的,36,2,2,2,3,2,3,3,3,4,4,3,2,3
thin,/θɪn/,薄的；瘦的,36,2,2,2,3,2,3,3,3,4,4,3,2,3
thousand,/ˈθaʊzənd/,千,36,2,2,2,3,2,3,3,3,4,4,3,2,3
throw,/θro/,投擲；扔,36,2,2,2,3,2,3,3,3,4,4,3,2,3
tonight,/təˈnaɪt/,今晚,36,2,2,2,3,2,3,3,3,4,4,3,2,3
touch,/tʌtʃ/,觸摸,36,2,2,2,3,2,3,3,3,4,4,3,2,3
tradition,/trəˈdɪʃən/,傳統,36,2,2,2,3,2,3,3,3,4,4,3,2,3
transportation,/ˌtrænspoˈteʃən/,交通運輸,36,2,2,2,3,2,3,3,3,4,4,3,2,3
travel,/ˈtrævəl/,旅行,36,2,2,2,3,2,3,3,3,4,4,3,2,3
trick,/trɪk/,把戲；欺騙,36,2,2,2,3,2,3,3,3,4,4,3,2,3
truck,/trʌk/,卡車,36,2,2,2,3,2,3,3,3,4,4,3,2,3
trust,/trʌst/,信任,36,2,2,2,3,2,3,3,3,4,4,3,2,3
type,/taɪp/,類型；打字,36,2,2,2,3,2,3,3,3,4,4,3,2,3
typhoon,/taɪˈfun/,颱風,36,2,2,2,3,2,3,3,3,4,4,3,2,3
uncle,/ˈʌŋkəl/,叔叔；舅舅,36,2,2,2,3,2,3,3,3,4,4,3,2,3
useful,/ˈjusfəl/,有用的,36,2,2,2,3,2,3,3,3,4,4,3,2,3
usually,/ˈjuʒʊəlɪ/,通常地,36,2,2,2,3,2,3,3,3,4,4,3,2,3
vacation,/veˈkeʃən/,假期,36,2,2,2,3,2,3,3,3,4,4,3,2,3
view,/vju/,景色；觀點,36,2,2,2,3,2,3,3,3,4,4,3,2,3
village,/ˈvɪlɪdʒ/,村莊,36,2,2,2,3,2,3,3,3,4,4,3,2,3
voice,/vɔɪs/,聲音；嗓音,36,2,2,2,3,2,3,3,3,4,4,3,2,3
wait,/weɪt/,等待,36,2,2,2,3,2,3,3,3,4,4,3,2,3
waste,/weɪst/,浪費,36,2,2,2,3,2,3,3,3,4,4,3,2,3
website,/ˈwɛbˌsaɪt/,網站,36,2,2,2,3,2,3,3,3,4,4,3,2,3
wide,/waɪd/,寬的,36,2,2,2,3,2,3,3,3,4,4,3,2,3
wild,/waɪld/,野生的；狂野的,36,2,2,2,3,2,3,3,3,4,4,3,2,3
window,/ˈwɪndo/,窗戶,36,2,2,2,3,2,3,3,3,4,4,3,2,3
winner,/ˈwɪnɚ/,勝利者,36,2,2,2,3,2,3,3,3,4,4,3,2,3
wise,/waɪz/,明智的,36,2,2,2,3,2,3,3,3,4,4,3,2,3
wish,/wɪʃ/,願望；希望,36,2,2,2,3,2,3,3,3,4,4,3,2,3
wonderful,/ˈwʌndɚfəl/,很棒的,36,2,2,2,3,2,3,3,3,4,4,3,2,3
young,/jʌŋ/,年輕的,36,2,2,2,3,2,3,3,3,4,4,3,2,3
melt,/mɛlt/,融化,34,2,2,2,3,2,3,3,3,3,3,3,2,3
electricity,/ɪˌlɛkˈtrɪsɪtɪ/,電力,32,1,1,1,2,2,2,2,2,3,3,3,2,8
overtime,/ˈovɚˌtaɪm/,加班,31,1,1,1,2,2,2,2,2,3,3,3,5,4
refugee,/ˌrɛfjʊˈdʒi/,難民,31,1,1,1,2,2,2,2,2,3,3,3,5,4
castle,/ˈkæsəl/,城堡,30,1,1,1,2,2,2,2,2,3,3,3,2,6
doll,/dɑl/,洋娃娃,30,1,1,1,3,2,2,2,2,3,3,2,2,6
toy,/tɔɪ/,玩具,30,1,1,1,3,2,2,2,2,3,3,2,2,6
nest,/nɛst/,鳥巢,29,1,1,1,2,2,2,2,2,3,3,3,2,5
statue,/ˈstætʃu/,雕像,29,1,1,1,2,2,2,2,2,2,2,2,2,8
teaspoon,/ˈtispun/,茶匙,26,1,1,1,2,2,1,1,1,2,7,3,2,2
thunder,/ˈθʌndɚ/,雷聲,26,1,1,1,2,2,1,1,1,2,2,2,2,8
umbrella,/ʌmˈbrɛlə/,雨傘,26,1,1,1,2,2,1,1,1,2,2,2,2,8
piano,/pɪˈæno/,鋼琴,25,1,1,1,2,1,1,1,2,7,2,2,2,2
origami,/ˌɔrɪˈɡɑmɪ/,摺紙,24,1,1,1,2,1,1,1,1,2,2,7,2,2
calorie,/ˈkælərɪ/,卡路里,23,1,1,1,2,1,1,1,1,2,6,2,2,2
butterfly,/ˈbʌtɚˌflaɪ/,蝴蝶,21,1,1,1,2,1,1,1,1,2,2,2,2,4
fool,/ful/,傻瓜,21,1,1,1,2,1,1,1,1,2,2,2,2,4
ghost,/ɡost/,鬼,21,1,1,1,2,1,1,1,1,2,2,2,2,4
kite,/kaɪt/,風箏,21,1,1,1,2,1,1,1,1,2,2,2,2,4
plane,/pleɪn/,飛機,21,1,1,1,2,1,1,1,1,2,2,2,2,4
cortisol,/ˈkɔrtɪˌsɔl/,皮質醇,20,1,1,1,2,1,1,1,7,1,1,1,1,1
melatonin,/ˌmɛləˈtonɪn/,褪黑激素,20,1,1,1,2,1,1,1,7,1,1,1,1,1
mosquito,/məˈskito/,蚊子,20,1,1,1,1,1,1,1,1,1,1,8,1,1
fleece,/flis/,羊毛,19,1,1,1,1,1,1,1,1,7,1,1,1,1
hormone,/ˈhɔrmon/,荷爾蒙,19,1,1,1,2,1,1,1,6,1,1,1,1,1
campground,/ˈkæmpˌɡraʊnd/,露營地,18,1,1,1,2,1,1,1,1,5,1,1,1,1
feather,/ˈfɛðɚ/,羽毛,18,1,1,1,1,1,1,1,1,1,1,6,1,1
pandemic,/pænˈdɛmɪk/,大流行病,18,1,1,1,1,1,1,1,1,1,1,1,1,6
raindrop,/ˈrenˌdrɑp/,雨滴,18,1,1,1,1,1,1,1,1,1,1,6,1,1
advocate,/ˈædvəkɪt/,倡導者,17,1,1,1,1,1,1,1,1,1,1,1,5,1
anagram,/ˈænəˌɡræm/,字謎重組,17,1,1,1,1,1,1,1,1,1,5,1,1,1
commute,/kəˈmjut/,通勤,17,1,1,1,1,1,1,5,1,1,1,1,1,1
empathy,/ˈɛmpəθɪ/,同理心,17,1,1,1,1,1,1,1,1,1,1,1,5,1
extinct,/ɪkˈstɪŋkt/,絕種的,17,1,1,1,1,1,1,1,1,1,1,1,5,1
furniture,/ˈfɝnɪtʃɚ/,家具,17,1,1,1,1,1,1,1,1,1,1,1,1,5
lodging,/ˈlɑdʒɪŋ/,住宿,17,1,1,1,1,1,1,1,1,5,1,1,1,1
palindrome,/ˈpælɪnˌdrom/,迴文,17,1,1,1,1,1,1,1,1,1,5,1,1,1
sacrifice,/ˈsækrɪˌfaɪs/,犧牲,17,1,1,1,1,1,1,1,1,1,1,1,1,5
trail,/treɪl/,步道,17,1,1,1,1,1,1,1,1,5,1,1,1,1
cabinet,/ˈkæbɪnɪt/,櫃子,16,1,1,1,1,1,1,1,1,1,1,1,1,4
hike,/haɪk/,健行,16,1,1,1,1,1,1,1,1,4,1,1,1,1
manuscript,/ˈmænjəˌskrɪpt/,手稿,16,1,1,1,1,1,1,1,1,1,1,4,1,1
opera,/ˈɑprə/,歌劇,16,1,1,1,1,1,1,1,1,1,1,4,1,1
resentful,/rɪˈzɛntfəl/,憤恨的,16,1,1,1,1,1,1,1,1,1,1,1,4,1
troll,/trol/,網路酸民；釣魚,16,1,1,1,1,1,1,1,1,1,4,1,1,1
uninhabitable,/ˌʌnɪnˈhæbɪtəbəl/,不適合居住的,16,1,1,1,1,4,1,1,1,1,1,1,1,1
