word,kk_phonetics,chinese_meaning,count,years
school,/skul/,學校,26,"102,103,104,105,106,107,108,109,110,111,112,113,114"
food,/fud/,食物,25,"102,103,104,105,106,107,108,109,110,111,112,113,114"
people,/ˈpipəl/,人們,25,"102,103,104,105,106,107,108,109,110,111,112,113,114"
money,/ˈmʌni/,錢；金錢,24,"102,103,104,105,106,107,108,109,110,111,112,113,114"
work,/wɝk/,工作；努力,24,"102,103,104,105,106,107,108,109,110,111,112,113,114"
life,/laɪf/,生活；生命,23,"102,103,104,105,106,107,108,109,110,111,112,113,114"
time,/taɪm/,時間,23,"102,103,104,105,106,107,108,109,110,111,112,113,114"
read,/rid/,閱讀,22,"102,103,104,105,106,107,108,109,110,111,112,113,114"
know,/no/,知道,22,"102,103,104,105,106,107,108,109,110,111,112,113,114"
make,/mek/,製作；使得,22,"102,103,104,105,106,107,108,109,110,111,112,113,114"
friend,/frɛnd/,朋友,21,"102,103,104,105,106,107,108,109,110,111,112,113,114"
help,/hɛlp/,幫助,21,"102,103,104,105,106,107,108,109,110,111,112,113,114"
way,/we/,方式；道路,21,"102,103,104,105,106,107,108,109,110,111,112,113,114"
business,/ˈbɪznɪs/,生意；商業,20,"102,103,104,105,106,107,108,109,110,111,112,113,114"
happy,/ˈhæpi/,快樂的,20,"102,103,104,105,106,107,108,109,110,111,112,113,114"
year,/jɪr/,年；年度,20,"102,103,104,105,106,107,108,109,110,111,112,113,114"
place,/ples/,地方,20,"102,103,104,105,106,107,108,109,110,111,112,113,114"
think,/θɪŋk/,想；認為,20,"102,103,104,105,106,107,108,109,110,111,112,113,114"
book,/bʊk/,書,19,"102,103,104,105,106,107,108,109,110,111,112,113,114"
house,/haʊs/,房子,19,"102,103,104,105,106,107,108,109,110,111,112,113,114"
true,/tru/,真實的,19,"102,103,104,105,106,107,108,109,110,111,112,113,114"
party,/ˈpɑrti/,派對,19,"102,103,104,105,107,108,109,110,111,112,113,114"
sell,/sɛl/,賣；銷售,18,"102,103,104,105,106,107,108,109,110,111,112,113"
picture,/ˈpɪktʃɚ/,圖片；照片,18,"102,103,104,105,106,107,108,109,110,111,112,113"
change,/tʃendʒ/,改變,18,"102,103,104,105,106,107,108,109,110,111,112,113"
problem,/ˈprɑbləm/,問題,18,"102,103,104,105,106,107,108,109,110,111,112,113"
story,/ˈstori/,故事,18,"102,103,104,105,106,107,108,109,110,111,112,113,114"
water,/ˈwɔtɚ/,水,18,"102,103,104,105,106,107,108,109,110,111,112,113,114"
buy,/baɪ/,購買,17,"102,103,104,105,106,107,108,109,110,111,112,113,114"
car,/kɑr/,汽車,17,"102,103,104,105,106,107,108,109,110,111,112,113,114"
child,/tʃaɪld/,孩子,17,"102,103,104,105,106,107,108,109,110,111,112,113"
country,/ˈkʌntri/,國家；鄉下,17,"102,103,104,105,106,107,108,109,110,111,112,113,114"
keep,/kip/,保持；繼續,17,"102,103,104,105,106,107,108,109,110,111,112,113,114"
feel,/fil/,感覺,17,"102,103,104,105,106,107,108,109,110,111,112,113,114"
give,/ɡɪv/,給予,17,"102,103,104,105,106,107,108,109,110,111,112,113,114"
take,/tek/,拿；帶,17,"102,103,104,105,106,107,108,109,110,111,112,113,114"
body,/ˈbɑdi/,身體,16,"102,103,104,105,106,107,108,109,110,111,112,113,114"
get,/ɡɛt/,得到,16,"102,103,104,105,106,107,108,109,110,111,112,113,114"
home,/hom/,家,16,"102,103,104,105,106,107,108,109,110,111,112,113,114"
job,/dʒɑb/,工作；職業,16,"102,103,104,105,106,107,108,109,110,111,112,113,114"
show,/ʃo/,展示；節目,16,"102,103,104,105,106,107,108,109,110,111,112,113,114"
talk,/tɔk/,說話；談論,16,"102,103,104,105,106,107,108,109,110,111,112,113,114"
win,/wɪn/,贏得,16,"102,103,104,105,106,107,108,109,110,111,112,113"
word,/wɝd/,單字；話語,16,"102,103,104,105,106,107,108,109,110,111,112,113,114"
easy,/ˈizi/,容易的,16,"102,103,104,105,106,107,108,109,110,111,112,113,114"
city,/ˈsɪti/,城市,15,"102,103,104,105,106,107,108,109,110,111,112,113,114"
cook,/kʊk/,煮飯；廚師,15,"102,103,104,105,106,107,108,109,110,111,112,113,114"
free,/fri/,免費的；自由的,15,"102,103,104,105,106,107,108,109,110,111,112,113,114"
learn,/lɝn/,學習,15,"102,103,104,105,106,107,108,109,110,111,112,113,114"
open,/ˈopən/,打開；開放的,15,"102,103,104,105,106,107,108,109,110,111,112,113,114"
pay,/pe/,付錢；薪水,15,"102,103,104,105,106,107,108,109,110,111,112,113,114"
run,/rʌn/,跑步；運行,15,"102,103,104,105,106,107,108,109,110,111,112,113,114"
save,/sev/,拯救；儲存,15,"102,103,104,105,106,107,108,109,110,111,112,113,114"
send,/sɛnd/,寄送,15,"102,103,104,105,106,107,108,109,110,111,112,113"
teacher,/ˈtitʃɚ/,老師,15,"102,103,104,105,106,107,108,109,110,111,112,113,114"
train,/tren/,訓練；火車,15,"102,103,104,105,106,107,108,109,110,111,112,113,114"
animal,/ˈænəml/,動物,14,"102,103,104,105,106,107,108,109,110,112,113,114"
chocolate,/ˈtʃɑklɪt/,巧克力,14,"102,103,104,105,106,107,108,109,110,111,112,113"
dinner,/ˈdɪnɚ/,晚餐,14,"102,103,104,105,106,107,108,109,110,111,112,113,114"
drink,/drɪŋk/,喝；飲料,14,"102,103,104,105,106,107,108,109,110,111,112,113,114"
enjoy,/ɪnˈdʒɔɪ/,享受,14,"102,103,104,105,106,107,108,109,110,111,112,113,114"
exercise,/ˈɛksɚˌsaɪz/,運動；練習,14,"102,103,104,105,106,107,108,109,110,111,112,113,114"
experience,/ɪkˈspɪriəns/,經驗；體驗,14,"102,103,104,105,106,107,108,109,110,111,112,113,114"
hospital,/ˈhɑspɪtl/,醫院,14,"102,103,104,105,106,107,108,109,110,111,112,113,114"
important,/ɪmˈpɔrtnt/,重要的,14,"102,103,104,105,106,107,108,109,110,111,112,113,114"
need,/nid/,需要,14,"102,103,104,105,106,107,108,109,110,111,112,113,114"
nice,/naɪs/,好的；愉快的,14,"102,103,104,105,106,107,108,109,110,111,112,113,114"
safe,/sef/,安全的,14,"102,103,104,105,106,107,108,109,110,111,112,113,114"
start,/stɑrt/,開始,14,"102,103,104,105,106,107,108,109,110,111,112,113,114"
surprise,/sɚˈpraɪz/,驚喜；使驚訝,14,"102,103,104,105,106,107,108,109,110,111,112,113,114"
try,/traɪ/,嘗試,14,"102,103,104,105,106,107,108,109,110,111,112,113,114"
visit,/ˈvɪzɪt/,拜訪；參觀,14,"102,103,104,105,106,107,108,109,110,111,112,113,114"
answer,/ˈænsɚ/,回答；答案,14,"102,103,104,105,106,107,108,109,110,111,112,113,114"
write,/raɪt/,寫,14,"102,103,104,105,106,107,108,109,110,111,112,113,114"
find,/faɪnd/,找到；發現,13,"102,103,104,105,106,107,108,109,110,111,112,113,114"
live,/lɪv/,居住；生活,13,"102,103,104,105,106,107,108,109,110,111,112,113,114"
move,/muv/,移動；搬家,13,"102,103,104,105,106,107,108,109,110,111,112,113,114"
world,/wɝld/,世界,13,"102,103,104,105,106,107,108,109,110,111,112,113,114"
play,/ple/,玩耍；演奏,13,"102,103,104,105,106,107,108,109,110,111,112,113,114"
leave,/liv/,離開；留下,13,"102,103,104,105,106,107,108,109,110,111,112,113,114"
old,/old/,老的；舊的,13,"102,103,104,105,106,107,108,109,110,111,112,113,114"
use,/juz/,使用,13,"102,103,104,105,106,107,108,109,110,111,112,113,114"
idea,/aɪˈdiə/,想法；主意,13,"102,103,104,105,106,107,108,109,110,111,112,113,114"
interested,/ˈɪntrɪstɪd/,感興趣的,13,"102,103,104,105,106,107,108,109,110,111,112,113,114"
close,/kloz/,關閉；近的,13,"102,103,104,105,106,107,108,109,110,111,112,113,114"
ask,/æsk/,詢問,13,"102,103,104,105,106,107,108,109,110,111,112,113,114"
bring,/brɪŋ/,帶來,13,"102,103,104,105,106,107,108,109,110,111,112,113,114"
building,/ˈbɪldɪŋ/,建築物,13,"102,103,104,105,106,107,108,109,110,111,112,113,114"
call,/kɔl/,打電話；稱呼,13,"102,103,104,105,106,107,108,109,110,111,112,113,114"
popular,/ˈpɑpjəlɚ/,受歡迎的,13,"102,103,104,105,106,107,108,109,110,111,112,113,114"
turn,/tɝn/,轉；輪到,13,"102,103,104,105,106,107,108,109,110,111,112,113,114"
young,/jʌŋ/,年輕的,13,"102,103,104,105,106,107,108,109,110,111,112,113,114"
beautiful,/ˈbjutɪfəl/,美麗的,12,"102,103,104,105,106,107,108,109,110,111,112,113"
check,/tʃɛk/,查看；檢查,12,"102,103,104,105,106,107,108,109,110,111,112,113,114"
die,/daɪ/,死亡,12,"102,103,104,105,106,107,108,109,110,111,112,113,114"
difficult,/ˈdɪfɪkəlt/,困難的,12,"102,103,104,105,106,107,108,109,110,111,112,113,114"
family,/ˈfæməli/,家庭,12,"102,103,104,105,106,107,108,109,110,111,112,113,114"
game,/ɡem/,遊戲；比賽,12,"102,103,104,105,106,107,108,109,110,111,112,113"
heart,/hɑrt/,心；心臟,12,"102,103,104,105,106,107,108,109,110,111,112,113,114"
hurt,/hɝt/,傷害；受傷,12,"102,103,104,105,106,107,108,109,110,111,112,113,114"
join,/dʒɔɪn/,加入,12,"102,103,104,105,106,107,108,109,110,111,112,113,114"
stop,/stɑp/,停止,12,"102,103,104,105,106,107,108,109,110,111,112,113,114"
student,/ˈstjudənt/,學生,12,"102,103,104,105,106,107,108,109,110,111,112,113,114"
summer,/ˈsʌmɚ/,夏天,12,"102,103,104,105,106,107,108,109,110,111,112,113,114"
town,/taʊn/,小鎮,12,"102,103,104,105,106,107,108,109,110,111,112,113"
truck,/trʌk/,卡車,12,"102,103,104,105,106,107,108,109,110,111,112,113"
doctor,/ˈdɑktɚ/,醫生,12,"102,103,104,105,106,107,108,109,110,111,112,113,114"
museum,/mjuˈziəm/,博物館,12,"102,103,104,105,106,108,109,110,111,112,113,114"
accident,/ˈæksɪdənt/,意外；事故,11,"102,103,104,105,106,107,108,109,110,111,112,113"
able,/ˈebl/,能夠的,11,"102,103,104,105,106,107,108,109,110,111,112,113,114"
agree,/əˈɡri/,同意,11,"102,103,104,105,106,107,108,109,110,111,112,113"
believe,/bɪˈliv/,相信,11,"102,103,104,105,106,107,108,109,110,111,112,113,114"
bike,/baɪk/,腳踏車,11,"102,103,104,105,106,107,108,109,110,111,112,113"
born,/bɔrn/,出生,11,"102,103,104,105,106,107,108,109,110,111,112,113,114"
chance,/tʃæns/,機會,11,"102,103,104,105,106,107,108,109,110,111,112,113,114"
dark,/dɑrk/,黑暗的；深色的,11,"102,103,104,105,106,107,108,109,110,111,112,113,114"
drop,/drɑp/,掉落；滴,11,"102,103,104,105,106,107,108,109,110,111,112,113"
follow,/ˈfɑlo/,跟隨；遵從,11,"102,103,104,105,106,107,108,109,110,111,112,113,114"
decide,/dɪˈsaɪd/,決定,11,"102,103,104,105,106,107,108,109,110,111,112,113,114"
drive,/draɪv/,駕駛,11,"102,103,104,105,106,107,108,109,110,111,112,113,114"
guess,/ɡɛs/,猜測,11,"102,103,104,105,106,107,108,109,110,111,112,113,114"
health,/hɛlθ/,健康,11,"102,103,104,105,106,107,108,109,110,111,112,113,114"
hope,/hop/,希望,11,"102,103,104,105,106,107,108,109,110,111,112,113,114"
letter,/ˈlɛtɚ/,信件；字母,11,"102,103,104,105,106,107,108,109,110,111,112,113,114"
lose,/luz/,失去；輸,11,"102,103,104,105,106,107,108,109,110,111,112,113,114"
nature,/ˈnetʃɚ/,自然,11,"102,103,104,105,106,107,108,109,110,111,112,113,114"
news,/njuz/,新聞,11,"102,103,104,105,106,107,108,109,110,111,112,113,114"
sleep,/slip/,睡覺,11,"102,103,104,105,106,107,108,109,110,111,112,113,114"
sport,/spɔrt/,運動,11,"102,103,104,105,106,107,108,109,110,111,112,113,114"
spend,/spɛnd/,花費；度過,11,"102,103,104,105,106,107,108,109,110,111,112,113,114"
travel,/ˈtrævəl/,旅行,11,"102,103,104,105,106,107,108,109,110,111,112,113"
war,/wɔr/,戰爭,11,"102,103,104,105,106,107,108,109,110,111,112,113,114"
woman,/ˈwʊmən/,女人；女性,11,"102,103,104,105,106,107,108,109,110,111,112,113,114"
taste,/test/,味道；品嚐,11,"102,103,104,105,107,108,109,110,111,112,113,114"
sad,/sæd/,悲傷的,11,"102,103,104,105,106,107,108,109,110,111,112,113,114"
bake,/bek/,烘焙,10,"102,103,104,105,106,108,109,110,111,112,113,114"
borrow,/ˈbɑro/,借,10,"102,103,104,105,106,107,108,109,110,111,112,113"
boy,/bɔɪ/,男孩,10,"102,103,104,105,106,107,108,109,110,111,112,113,114"
bread,/brɛd/,麵包,10,"102,103,104,105,106,107,108,109,110,111,112,113,114"
burn,/bɝn/,燃燒；燒傷,10,"102,103,104,105,106,107,108,109,110,111,112,113"
busy,/ˈbɪzi/,忙碌的,10,"102,103,104,105,106,107,108,109,110,111,112,113,114"
cake,/kek/,蛋糕,10,"102,103,104,105,106,107,108,109,110,111,112,113,114"
collect,/kəˈlɛkt/,收集,10,"102,103,104,105,106,107,108,109,110,111,112,113"
danger,/ˈdendʒɚ/,危險,10,"102,103,104,105,106,107,108,109,110,111,112,113"
dangerous,/ˈdendʒərəs/,危險的,10,"102,103,104,105,106,107,108,109,110,111,112,113"
ear,/ɪr/,耳朵,10,"102,103,104,105,106,107,108,109,110,111,112,113"
earth,/ɝθ/,地球；土壤,10,"102,103,104,105,106,107,108,109,110,111,112,113,114"
end,/ɛnd/,結束；盡頭,10,"102,103,104,105,106,107,108,109,110,111,112,113,114"
evening,/ˈivnɪŋ/,傍晚,10,"102,103,104,105,106,107,108,109,110,111,112,113,114"
face,/fes/,臉；面對,10,"102,103,104,105,106,107,108,109,110,111,112,113,114"
fall,/fɔl/,落下；秋天,10,"102,103,104,105,106,107,108,109,110,111,112,113,114"
farm,/fɑrm/,農場,10,"102,103,104,105,106,107,108,109,110,111,112,113,114"
fight,/faɪt/,打架；戰鬥,10,"102,103,104,105,106,107,108,109,110,111,112,113,114"
flower,/ˈflaʊɚ/,花朵,10,"102,103,104,105,106,107,108,109,110,111,112,113"
fly,/flaɪ/,飛行,10,"102,103,104,105,106,107,108,109,110,111,112,113,114"
happen,/ˈhæpən/,發生,10,"102,103,104,105,106,107,108,109,110,111,112,113,114"
heard,/hɝd/,聽到（hear的過去式）,10,"102,103,104,105,106,107,108,109,110,111,112,113,114"
hour,/aʊɚ/,小時,10,"102,103,104,105,106,107,108,109,110,111,112,113,114"
ice,/aɪs/,冰,10,"102,103,104,105,106,107,108,109,110,111,112,113"
kid,/kɪd/,孩子；小孩,10,"102,103,104,105,106,107,108,109,110,111,112,113,114"
language,/ˈlæŋɡwɪdʒ/,語言,10,"102,103,104,105,106,107,108,109,110,111,112,113,114"
library,/ˈlaɪbrɛri/,圖書館,10,"102,103,104,105,106,107,108,109,110,111,112,113,114"
look,/lʊk/,看；查看,10,"102,103,104,105,106,107,108,109,110,111,112,113,114"
man,/mæn/,男人；人,10,"102,103,104,105,106,107,108,109,110,111,112,113,114"
meal,/mil/,餐點,10,"102,103,104,105,106,107,108,109,110,111,112,113,114"
miss,/mɪs/,想念；錯過,10,"102,103,104,105,106,107,108,109,110,111,112,113,114"
morning,/ˈmɔrnɪŋ/,早晨,10,"102,103,104,105,106,107,108,109,110,111,112,113,114"
park,/pɑrk/,公園；停車,10,"102,103,104,105,106,107,108,109,110,111,112,113,114"
person,/ˈpɝsn/,人；個人,10,"102,103,104,105,106,107,108,109,110,111,112,113,114"
pick,/pɪk/,挑選；採摘,10,"102,103,104,105,106,107,108,109,110,111,112,113,114"
plan,/plæn/,計畫,10,"102,103,104,105,106,107,108,109,110,111,112,113,114"
point,/pɔɪnt/,點；指出,10,"102,103,104,105,106,107,108,109,110,111,112,113"
rain,/ren/,雨；下雨,10,"102,103,104,105,106,107,108,109,110,111,112,113,114"
report,/rɪˈpɔrt/,報告；報導,10,"102,103,104,105,106,107,108,109,110,111,112,113,114"
restaurant,/ˈrɛstərənt/,餐廳,10,"102,103,104,105,106,107,108,109,110,111,112,113,114"
ride,/raɪd/,騎乘,10,"102,103,104,105,106,107,108,109,110,111,112,113,114"
sea,/si/,海洋,10,"102,103,104,105,106,107,108,109,110,111,112,113,114"
shop,/ʃɑp/,購物；商店,10,"102,103,104,105,106,107,108,109,110,111,112,113,114"
sick,/sɪk/,生病的,10,"102,103,104,105,106,107,108,109,110,111,112,113,114"
smile,/smaɪl/,微笑,10,"102,103,104,105,106,107,108,109,110,111,112,113,114"
speak,/spik/,說話；講,10,"102,103,104,105,106,107,108,109,110,111,112,113,114"
study,/ˈstʌdi/,研究；學習,10,"102,103,104,105,106,107,108,109,110,111,112,113,114"
summer,/ˈsʌmɚ/,夏季,10,"103,104,105,106,107,108,109,110,111,112,113,114"
tree,/tri/,樹,10,"102,103,104,105,106,107,108,109,110,111,112,113,114"
understand,/ˌʌndɚˈstænd/,理解,10,"102,103,104,105,106,107,108,109,110,111,112,113,114"
wait,/wet/,等待,10,"102,103,104,105,106,107,108,109,110,111,112,113,114"
walk,/wɔk/,步行,10,"102,103,104,105,106,107,108,109,110,111,112,113,114"
watch,/wɑtʃ/,觀看；手錶,10,"102,103,104,105,106,107,108,109,110,111,112,113,114"
weekend,/ˈwikˌɛnd/,週末,10,"102,103,104,105,106,107,108,109,110,111,112,113,114"
worry,/ˈwɝi/,擔心,10,"102,103,104,105,106,107,108,109,110,111,112,113,114"
wrong,/rɔŋ/,錯誤的,10,"102,103,104,105,106,107,108,109,110,111,112,113,114"
afraid,/əˈfred/,害怕的,9,"102,103,104,105,106,107,108,109,110,111,112,113"
age,/edʒ/,年齡,9,"102,103,104,105,106,107,108,109,110,111,112,113"
angry,/ˈæŋɡri/,生氣的,9,"102,103,104,105,106,107,108,109,110,111,112,113"
apartment,/əˈpɑrtmənt/,公寓,9,"102,103,104,105,106,107,108,109,110,111,112,113"
app,/æp/,應用程式,9,"102,103,104,107,108,109,110,111,112,113,114"
artist,/ˈɑrtɪst/,藝術家,9,"102,103,104,105,106,107,108,109,110,111,112,113"
attention,/əˈtɛnʃən/,注意,9,"102,103,104,105,106,107,108,109,110,111,112,113"
ball,/bɔl/,球,9,"102,103,104,105,106,107,108,109,110,111,112,113"
bathroom,/ˈbæθˌrum/,浴室；廁所,9,"102,103,104,105,106,107,108,109,110,111,112,113"
bedroom,/ˈbɛdˌrum/,臥室,9,"102,103,104,105,106,107,108,109,110,111,112,113"
begin,/bɪˈɡɪn/,開始,9,"102,103,104,105,106,107,108,109,110,111,112,113"
birthday,/ˈbɝθˌde/,生日,9,"102,103,104,105,106,107,108,109,110,111,112,113,114"
cat,/kæt/,貓,9,"102,103,104,105,106,107,108,109,110,111,112,113"
climb,/klaɪm/,攀爬,9,"102,103,104,105,106,107,108,109,110,111,112,113"
clothes,/kloz/,衣服,9,"102,103,104,105,106,107,108,109,110,111,112,113"
cloud,/klaʊd/,雲,9,"102,103,104,105,106,107,108,109,110,111,112,113"
computer,/kəmˈpjutɚ/,電腦,9,"102,103,104,105,106,107,108,109,110,111,112,113,114"
cover,/ˈkʌvɚ/,覆蓋；封面,9,"102,103,104,105,106,107,108,109,110,111,112,113"
cry,/kraɪ/,哭泣；喊叫,9,"102,103,104,105,106,107,108,109,110,111,112,113,114"
cut,/kʌt/,切割；剪,9,"102,103,104,105,106,107,108,109,110,111,112,113,114"
dead,/dɛd/,死的,9,"102,103,104,105,106,107,108,109,110,111,112,113,114"
deal,/dil/,處理；交易,9,"102,103,104,105,106,107,108,109,110,111,112,113"
delicious,/dɪˈlɪʃəs/,美味的,9,"102,103,104,105,106,107,108,109,110,111,112,113,114"
different,/ˈdɪfrənt/,不同的,9,"102,103,104,105,106,107,108,109,110,111,112,113,114"
dream,/drim/,夢想；夢,9,"102,103,104,105,106,107,108,109,110,111,112,113,114"
draw,/drɔ/,畫圖；拖拉,9,"102,103,104,105,106,107,108,109,110,111,112,113"
dress,/drɛs/,洋裝；穿衣,9,"102,103,104,105,106,107,108,109,110,111,112,113,114"
egg,/ɛɡ/,蛋,9,"102,103,104,105,106,107,108,109,110,111,112,113,114"
electric,/ɪˈlɛktrɪk/,電的,9,"102,103,104,105,106,107,108,109,110,111,112,113,114"
example,/ɪɡˈzæmpl/,例子,9,"102,103,104,105,106,107,108,109,110,111,112,113,114"
excuse,/ɪkˈskjuz/,藉口；原諒,9,"102,103,104,105,106,107,108,109,110,111,112,113"
expect,/ɪkˈspɛkt/,期望；預期,9,"102,103,104,105,106,107,108,109,110,111,112,113,114"
explain,/ɪkˈsplen/,解釋,9,"102,103,104,105,106,107,108,109,110,111,112,113"
festival,/ˈfɛstɪvl/,節慶；祭典,9,"102,103,104,105,106,107,108,109,110,111,112,113,114"
fish,/fɪʃ/,魚；釣魚,9,"102,103,104,105,106,107,108,109,110,111,112,113,114"
fix,/fɪks/,修理；固定,9,"102,103,104,105,106,107,108,109,110,111,112,113,114"
forget,/fɚˈɡɛt/,忘記,9,"102,103,104,105,106,107,108,109,110,111,112,113,114"
fresh,/frɛʃ/,新鮮的,9,"102,103,104,105,106,107,108,109,110,111,112,113,114"
future,/ˈfjutʃɚ/,未來,9,"102,103,104,105,106,107,108,109,110,111,112,113,114"
garden,/ˈɡɑrdn/,花園,9,"102,103,104,105,106,107,108,109,110,111,112,113,114"
gift,/ɡɪft/,禮物,9,"102,103,104,105,106,107,108,109,110,111,112,113,114"
girl,/ɡɝl/,女孩,9,"102,103,104,105,106,107,108,109,110,111,112,113,114"
grow,/ɡro/,生長；成長,9,"102,103,104,105,106,107,108,109,110,111,112,113,114"
hard,/hɑrd/,困難的；努力地,9,"102,103,104,105,106,107,108,109,110,111,112,113,114"
hate,/het/,討厭,9,"102,103,104,105,106,107,108,109,110,111,112,113,114"
hit,/hɪt/,打；擊中,9,"102,103,104,105,106,107,108,109,110,111,112,113,114"
history,/ˈhɪstəri/,歷史,9,"102,103,104,105,106,107,108,109,110,111,112,113,114"
invite,/ɪnˈvaɪt/,邀請,9,"102,103,104,105,106,107,108,109,110,111,112,113,114"
island,/ˈaɪlənd/,島嶼,9,"102,103,104,105,106,107,108,109,110,111,112,113,114"
kill,/kɪl/,殺死,9,"102,103,104,105,106,107,108,109,110,111,112,113,114"
kind,/kaɪnd/,種類；親切的,9,"102,103,104,105,106,107,108,109,110,111,112,113,114"
lamp,/læmp/,燈,9,"102,103,104,105,106,107,108,109,110,111,112,113,114"
large,/lɑrdʒ/,大的,9,"102,103,104,105,106,107,108,109,110,111,112,113,114"
leg,/lɛɡ/,腿,9,"102,103,104,105,106,107,108,109,110,111,112,113"
light,/laɪt/,光；輕的,9,"102,103,104,105,106,107,108,109,110,111,112,113,114"
list,/lɪst/,列表,9,"102,103,104,105,106,107,108,109,110,111,112,113"
low,/lo/,低的,9,"102,103,104,105,106,107,108,109,110,111,112,113,114"
machine,/məˈʃin/,機器,9,"102,103,104,105,106,107,108,109,110,111,112,113,114"
magic,/ˈmædʒɪk/,魔法；神奇的,9,"102,103,104,105,107,108,109,110,111,112,113,114"
market,/ˈmɑrkɪt/,市場,9,"102,103,104,105,106,107,108,109,110,111,112,113,114"
match,/mætʃ/,比賽；配對,9,"102,103,104,105,106,107,108,109,110,111,112,113"
matter,/ˈmætɚ/,事情；重要,9,"102,103,104,105,106,107,108,109,110,111,112,113"
meet,/mit/,遇見；開會,9,"102,103,104,105,106,107,108,109,110,111,112,113,114"
member,/ˈmɛmbɚ/,成員；會員,9,"102,103,104,105,106,107,108,109,110,111,112,113"
mind,/maɪnd/,介意；心智,9,"102,103,104,105,106,107,108,109,110,111,112,113,114"
mountain,/ˈmaʊntən/,山,9,"102,103,104,105,106,107,108,109,110,111,112,113,114"
movie,/ˈmuvi/,電影,9,"102,103,104,105,106,107,108,109,110,111,112,113,114"
notice,/ˈnotɪs/,注意到,9,"102,103,104,105,106,107,108,109,110,111,112,113,114"
offer,/ˈɔfɚ/,提供；提議,9,"102,103,104,105,106,107,108,109,110,111,112,113"
office,/ˈɔfɪs/,辦公室,9,"102,103,104,105,106,107,108,109,110,111,112,113,114"
online,/ˈɑnˌlaɪn/,線上的,9,"102,103,104,105,106,107,108,109,110,111,112,113,114"
order,/ˈɔrdɚ/,命令；點餐；順序,9,"102,103,104,105,106,107,108,109,110,111,112,113,114"
page,/pedʒ/,頁面,9,"102,103,104,105,106,107,108,109,110,111,112,113"
paint,/pent/,畫；油漆,9,"102,103,104,105,106,107,108,109,110,111,112,113"
painting,/ˈpentɪŋ/,畫作；繪畫,9,"102,103,104,105,106,107,108,109,110,111,112,113"
phone,/fon/,電話,9,"102,103,104,105,106,107,108,109,110,111,112,113,114"
police,/pəˈlis/,警察,9,"102,103,104,105,106,107,108,109,110,111,112,113,114"
power,/ˈpaʊɚ/,力量；電力,9,"102,103,104,105,106,107,108,109,110,111,112,113,114"
prepare,/prɪˈpɛr/,準備,9,"102,103,104,105,106,107,108,109,110,111,112,113,114"
price,/praɪs/,價格,9,"102,103,104,105,106,107,108,109,110,111,112,113,114"
prize,/praɪz/,獎品；獎項,9,"102,103,104,105,106,107,108,109,110,111,112,113"
proud,/praʊd/,驕傲的,9,"102,103,104,105,106,107,108,109,110,111,112,113,114"
public,/ˈpʌblɪk/,公共的；公眾,9,"102,103,104,105,106,107,108,109,110,111,112,113,114"
put,/pʊt/,放置,9,"102,103,104,105,106,107,108,109,110,111,112,113,114"
race,/res/,種族；競賽,9,"102,103,104,105,106,107,108,109,110,111,112,113,114"
real,/riəl/,真實的,9,"102,103,104,105,106,107,108,109,110,111,112,113,114"
reason,/ˈrizn/,原因,9,"102,103,104,105,106,107,108,109,110,111,112,113,114"
remember,/rɪˈmɛmbɚ/,記得,9,"102,103,104,105,106,107,108,109,110,111,112,113,114"
repeat,/rɪˈpit/,重複,9,"102,103,104,105,106,107,108,109,110,111,112,113"
rest,/rɛst/,休息；其餘,9,"102,103,104,105,106,107,108,109,110,111,112,113,114"
river,/ˈrɪvɚ/,河流,9,"102,103,104,105,106,107,108,109,110,111,112,113"
road,/rod/,道路,9,"102,103,104,105,106,107,108,109,110,111,112,113,114"
rock,/rɑk/,岩石；搖滾,9,"102,103,104,105,106,107,108,109,110,111,112,113,114"
role,/rol/,角色；作用,9,"102,103,104,105,106,107,108,109,110,111,112,113"
room,/rum/,房間,9,"102,103,104,105,106,107,108,109,110,111,112,113,114"
rule,/rul/,規則,9,"102,103,104,105,106,107,108,109,110,111,112,113,114"
scary,/ˈskɛri/,可怕的,9,"102,103,104,105,106,107,108,109,110,111,112,113"
seat,/sit/,座位,9,"102,103,104,105,106,107,108,109,110,111,112,113,114"
service,/ˈsɝvɪs/,服務,9,"102,103,104,105,106,107,108,109,110,111,112,113,114"
share,/ʃɛr/,分享；份額,9,"102,103,104,105,106,107,108,109,110,111,112,113,114"
shine,/ʃaɪn/,閃耀；發光,9,"102,103,104,105,106,107,108,109,110,111,112,113"
shot,/ʃɑt/,射擊；注射,9,"102,103,104,105,106,107,108,109,110,111,112,113"
shout,/ʃaʊt/,大喊,9,"102,103,104,105,106,107,108,109,110,111,112,113"
sign,/saɪn/,標誌；簽名,9,"102,103,104,105,106,107,108,109,110,111,112,113,114"
sing,/sɪŋ/,唱歌,9,"102,103,104,105,106,107,108,109,110,111,112,113,114"
skill,/skɪl/,技能,9,"102,103,104,105,106,107,108,109,110,111,112,113"
smell,/smɛl/,氣味；聞,9,"102,103,104,105,106,107,108,109,110,111,112,113,114"
snow,/sno/,雪；下雪,9,"102,103,104,105,106,107,108,109,110,111,112,113,114"
sold,/sold/,賣出（sell的過去式）,9,"102,103,104,105,106,107,108,109,110,111,112,113"
special,/ˈspɛʃəl/,特別的,9,"102,103,104,105,106,107,108,109,110,111,112,113,114"
station,/ˈsteʃən/,車站,9,"102,103,104,105,106,107,108,109,110,111,112,113,114"
store,/stɔr/,商店；儲存,9,"102,103,104,105,106,107,108,109,110,111,112,113,114"
street,/strit/,街道,9,"102,103,104,105,106,107,108,109,110,111,112,113,114"
strong,/strɔŋ/,強壯的,9,"102,103,104,105,106,107,108,109,110,111,112,113,114"
stupid,/ˈstjupɪd/,愚蠢的,9,"102,103,104,107,108,109,110,111,112,113,114"
subject,/ˈsʌbdʒɪkt/,科目；主題,9,"102,103,104,105,106,107,108,109,110,111,112,113"
sugar,/ˈʃʊɡɚ/,糖,9,"102,103,104,105,106,107,108,109,110,111,112,113,114"
surprised,/sɚˈpraɪzd/,驚訝的,9,"102,103,104,105,106,107,108,109,110,111,112,113,114"
swim,/swɪm/,游泳,9,"102,103,104,105,106,107,108,109,110,111,112,113"
team,/tim/,團隊,9,"102,103,104,105,106,107,108,109,110,111,112,113,114"
terrible,/ˈtɛrəbl/,可怕的；糟糕的,9,"102,103,104,105,106,107,108,109,110,111,112,113,114"
ticket,/ˈtɪkɪt/,票；罰單,9,"102,103,104,105,106,107,108,109,110,111,112,113,114"
tire,/taɪɚ/,使疲倦；輪胎,9,"102,103,104,105,106,107,108,109,110,111,112,113"
tired,/taɪɚd/,疲倦的,9,"102,103,104,105,106,107,108,109,110,111,112,113,114"
together,/təˈɡɛðɚ/,一起,9,"102,103,104,105,106,107,108,109,110,111,112,113,114"
topic,/ˈtɑpɪk/,話題；主題,9,"102,103,104,105,106,107,108,109,110,111,112,113"
toy,/tɔɪ/,玩具,9,"102,103,104,105,106,107,108,109,110,111,112,113,114"
trouble,/ˈtrʌbl/,麻煩,9,"102,103,104,105,106,107,108,109,110,111,112,113,114"
typhoon,/taɪˈfun/,颱風,9,"102,103,104,105,106,107,108,109,110,111,112,113,114"
umbrella,/ʌmˈbrɛlə/,雨傘,9,"102,103,104,105,106,107,108,109,110,111,112,113"
vacation,/veˈkeʃən/,假期,9,"102,103,104,105,106,107,108,109,110,111,112,113,114"
village,/ˈvɪlɪdʒ/,村莊,9,"102,103,104,105,106,107,108,109,110,111,112,113"
voice,/vɔɪs/,聲音,9,"102,103,104,105,106,107,108,109,110,111,112,113,114"
weather,/ˈwɛðɚ/,天氣,9,"102,103,104,105,106,107,108,109,110,111,112,113,114"
welcome,/ˈwɛlkəm/,歡迎,9,"102,103,104,105,106,107,108,109,110,111,112,113,114"
window,/ˈwɪndo/,窗戶,9,"102,103,104,105,106,107,108,109,110,111,112,113,114"
wish,/wɪʃ/,希望；願望,9,"102,103,104,105,106,107,108,109,110,111,112,113,114"
wooden,/ˈwʊdən/,木製的,9,"102,103,104,105,106,107,108,109,110,111,112,113"
worker,/ˈwɝkɚ/,工人；工作者,9,"102,103,104,105,106,107,108,109,110,111,112,113,114"
absent,/ˈæbsənt/,缺席的,8,"102,103,104,105,106,107,108,109"
act,/ækt/,行動；表演,8,"102,103,104,105,106,107,108,109,110,111,112,113"
add,/æd/,添加,8,"102,103,104,105,106,107,108,109,110,111,112,113"
address,/ˈædrɛs/,地址,8,"102,103,104,105,106,107,108,109,110,111,112,113"
adult,/əˈdʌlt/,成人,8,"102,103,104,105,106,107,108,109,110,111,112,113"
airport,/ˈɛrˌpɔrt/,機場,8,"102,103,104,105,106,107,108,109,110,111,112,113"
amazing,/əˈmezɪŋ/,令人驚嘆的,8,"102,103,104,105,106,107,108,109,110,111,112,113"
area,/ˈɛriə/,區域,8,"102,103,104,105,106,107,108,109,110,111,112,113,114"
art,/ɑrt/,藝術,8,"102,103,104,105,106,107,108,109,110,111,112,113,114"
attack,/əˈtæk/,攻擊,8,"102,103,104,105,107,108,109,110,111,112,113,114"
bag,/bæɡ/,袋子,8,"102,103,104,105,106,107,108,109,110,111,112,113,114"
balcony,/ˈbælkəni/,陽台,8,"102,103,105,106,107,108,109,110,111,112,113,114"
band,/bænd/,樂團；帶子,8,"102,103,104,105,106,107,108,109"
basket,/ˈbæskɪt/,籃子,8,"102,103,104,105,106,107,108,109,110,111,112,113,114"
beach,/bitʃ/,海灘,8,"102,103,104,105,106,107,108,109,110,111,112,113,114"
bear,/bɛr/,熊；承受,8,"102,103,104,105,106,107,108,109"
bird,/bɝd/,鳥,8,"102,103,104,105,106,107,108,109,110,111,112,113,114"
bite,/baɪt/,咬,8,"102,103,104,105,106,107,108,109,110,111,112,113"
blow,/blo/,吹；打擊,8,"102,103,104,105,106,107,108,109,110,111,112,113,114"
boat,/bot/,船,8,"102,103,104,105,106,107,108,109,110,111,112,113,114"
bomb,/bɑm/,炸彈；轟炸,8,"102,103,105,106,107,108,109,110,111,112,113,114"
boring,/ˈbɔrɪŋ/,無聊的,8,"102,103,104,105,106,107,108,109,110,111,112,113"
bottle,/ˈbɑtl/,瓶子,8,"102,103,104,105,106,107,108,109,110,111,112,113"
bowl,/bol/,碗,8,"102,103,104,105,106,107,108,109,110,111,112,113,114"
brave,/brev/,勇敢的,8,"102,103,104,105,106,107,108,109,110,111,112,113,114"
bright,/braɪt/,明亮的；聰明的,8,"102,103,104,105,106,107,108,109,110,111,112,113"
building,/ˈbɪldɪŋ/,建築物,8,"103,104,105,106,107,108,109,110,111,112,113,114"
bus,/bʌs/,公車,8,"102,103,104,105,106,107,108,109,110,111,112,113,114"
butterfly,/ˈbʌtɚˌflaɪ/,蝴蝶,8,"102,103,104,105,106,107,108,109,110,111,112,114"
cabinet,/ˈkæbɪnɪt/,櫃子,8,"102,103,104,105,106,107,108,109"
calorie,/ˈkæləri/,卡路里,8,"102,103,104,107,108,109,110,111,112,113"
camping,/ˈkæmpɪŋ/,露營,8,"102,103,104,105,106,107,108,109,110,111,112,113"
castle,/ˈkæsl/,城堡,8,"102,103,104,105,106,107,108,109,110,111,112,113,114"
catch,/kætʃ/,抓住,8,"102,103,104,105,106,107,108,109,110,111,112,113,114"
celebrate,/ˈsɛlɪˌbret/,慶祝,8,"102,103,104,105,106,107,108,109,110,111,112,113,114"
center,/ˈsɛntɚ/,中心,8,"102,103,104,105,106,107,108,109,110,111,112,113,114"
cheese,/tʃiz/,起司,8,"102,103,104,105,106,107,108,109,110,111,112,113,114"
chicken,/ˈtʃɪkɪn/,雞；雞肉,8,"102,103,104,105,106,107,108,109,110,111,112,113,114"
choice,/tʃɔɪs/,選擇,8,"102,103,104,105,106,107,108,109,110,111,112,113,114"
choose,/tʃuz/,選擇,8,"102,103,104,105,106,107,108,109,110,111,112,113,114"
class,/klæs/,課堂；班級,8,"102,103,104,105,106,107,108,109,110,111,112,113,114"
clear,/klɪr/,清楚的；清除,8,"102,103,104,105,106,107,108,109,110,111,112,113,114"
coffee,/ˈkɔfi/,咖啡,8,"102,103,104,105,106,107,108,109,110,111,112,113"
cold,/kold/,冷的；感冒,8,"102,103,104,105,106,107,108,109,110,111,112,113,114"
college,/ˈkɑlɪdʒ/,大學,8,"102,103,104,105,106,107,108,109,110,111,112,113"
color,/ˈkʌlɚ/,顏色,8,"102,103,104,105,106,107,108,109,110,111,112,113,114"
comfortable,/ˈkʌmfɚtəbl/,舒適的,8,"102,103,104,105,106,107,108,109,110,111,112,113"
common,/ˈkɑmən/,普通的；共同的,8,"102,103,104,105,106,107,108,109,110,111,112,113,114"
cool,/kul/,涼爽的；很酷,8,"102,103,104,105,106,107,108,109,110,111,112,113"
correct,/kəˈrɛkt/,正確的,8,"102,103,104,105,106,107,108,109,110,111,112,113"
cost,/kɔst/,花費；成本,8,"102,103,104,105,106,107,108,109,110,111,112,113,114"
crazy,/ˈkrezi/,瘋狂的,8,"102,103,104,105,106,107,108,109,110,111,112,113,114"
cup,/kʌp/,杯子,8,"102,103,104,105,106,107,108,109,110,111,112,113,114"
cute,/kjut/,可愛的,8,"102,103,104,105,106,107,108,109,110,111,112,113,114"
dance,/dæns/,跳舞,8,"102,103,104,105,106,107,108,109,110,111,112,113,114"
dangerous,/ˈdendʒərəs/,危險的,8,"102,103,104,105,106,107,108,109,110,111,112,113"
death,/dɛθ/,死亡,8,"102,103,104,105,106,107,108,109,110,111,112,113,114"
deep,/dip/,深的,8,"102,103,104,105,106,107,108,109,110,111,112,113,114"
dessert,/dɪˈzɝt/,甜點,8,"102,103,104,105,106,107,108,109,110,111,112,113,114"
diary,/ˈdaɪɛri/,日記,8,"102,103,104,105,107,108,109,110,111,112,113,114"
dirty,/ˈdɝti/,髒的,8,"102,103,104,105,106,107,108,109,110,111,112,113,114"
dish,/dɪʃ/,盤子；料理,8,"102,103,104,105,106,107,108,109,110,111,112,113,114"
dog,/dɔɡ/,狗,8,"102,103,104,105,106,107,108,109,110,111,112,113,114"
doll,/dɑl/,洋娃娃,8,"102,103,104,105,106,107,108,109,110,111,112,113"
door,/dɔr/,門,8,"102,103,104,105,106,107,108,109,110,111,112,113,114"
doubt,/daʊt/,懷疑,8,"102,103,104,105,106,107,108,109"
draw,/drɔ/,畫；拉,8,"103,104,105,106,107,108,109,110,111,112,113,114"
dry,/draɪ/,乾的；乾燥,8,"102,103,104,105,106,107,108,109,110,111,112,113,114"
dumpling,/ˈdʌmplɪŋ/,餃子,8,"102,103,104,105,106,107,108,109"
duck,/dʌk/,鴨子；鴨,8,"102,103,104,105,106,107,108,109,110,111,112,113"
electricity,/ɪˌlɛkˈtrɪsɪti/,電力,8,"102,103,104,105,106,107,108,109,110,111,112,113,114"
empty,/ˈɛmpti/,空的,8,"102,103,104,105,106,107,108,109,110,111,112,113"
energy,/ˈɛnɚdʒi/,能量；精力,8,"102,103,104,105,106,107,108,109,110,111,112,113"
enter,/ˈɛntɚ/,進入,8,"102,103,104,105,106,107,108,109,110,111,112,113,114"
envelope,/ˈɛnvəˌlop/,信封,8,"102,103,104,106,107,108,109,110,111,112,113,114"
event,/ɪˈvɛnt/,事件；活動,8,"102,103,104,105,106,107,108,109,110,111,112,113"
extinct,/ɪkˈstɪŋkt/,絕種的,8,"102,103,104,105,106,107,108,109,110,111,112,113,114"
eye,/aɪ/,眼睛,8,"102,103,104,105,106,107,108,109,110,111,112,113,114"
factory,/ˈfæktəri/,工廠,8,"102,103,104,105,106,107,108,109,110,111,112,113,114"
fan,/fæn/,粉絲；扇子；風扇,8,"102,103,104,105,106,107,108,109,110,111,112,113,114"
far,/fɑr/,遠的,8,"102,103,104,105,106,107,108,109,110,111,112,113,114"
fat,/fæt/,脂肪；胖的,8,"102,103,104,105,106,107,108,109,110,111,112,113,114"
feather,/ˈfɛðɚ/,羽毛,8,"102,103,104,105,107,108,109,110,111,112,113,114"
finger,/ˈfɪŋɡɚ/,手指,8,"102,103,104,105,106,107,108,109,110,111,112,113"
fire,/faɪɚ/,火；開火,8,"102,103,104,105,106,107,108,109,110,111,112,113,114"
floor,/flɔr/,地板,8,"102,103,104,105,106,107,108,109,110,111,112,113,114"
fool,/ful/,傻瓜；愚弄,8,"102,103,104,105,106,107,108,109,110,111,112,113,114"
force,/fɔrs/,力量；強迫,8,"102,103,104,105,107,108,109,110,111,112,113,114"
form,/fɔrm/,形式；表格,8,"102,103,104,105,106,107,108,109,110,111,112,113"
fork,/fɔrk/,叉子,8,"102,103,104,105,106,107,108,109,110,111,112,113,114"
forward,/ˈfɔrwɚd/,向前,8,"102,103,104,105,106,107,108,109,110,111,112,113"
frog,/frɔɡ/,青蛙,8,"102,103,104,105,106,107,108,109,110,111,112,113,114"
fun,/fʌn/,樂趣；有趣的,8,"102,103,104,105,106,107,108,109,110,111,112,113,114"
funny,/ˈfʌni/,有趣的；搞笑的,8,"102,103,104,105,106,107,108,109,110,111,112,113,114"
furniture,/ˈfɝnɪtʃɚ/,家具,8,"102,103,104,105,106,107,108,109,110,111,112,113,114"
garbage,/ˈɡɑrbɪdʒ/,垃圾,8,"102,103,104,105,106,107,108,109,110,111,112,113"
gender,/ˈdʒɛndɚ/,性別,8,"102,103,104,105,106,108,109,110,111,112,113,114"
ghost,/ɡost/,鬼；幽靈,8,"102,103,104,105,106,107,108,109,110,111,112,113,114"
government,/ˈɡʌvɚnmənt/,政府,8,"102,103,104,105,106,107,108,109,110,111,112,113,114"
grab,/ɡræb/,抓住,8,"102,103,104,105,106,107,108,109"
grade,/ɡred/,成績；年級,8,"102,103,104,105,106,107,108,109,110,111,112,113"
grandparent,/ˈɡrændˌpɛrənt/,祖父母,8,"102,103,104,105,106,107,108,109,110,111,112,113,114"
grape,/ɡrep/,葡萄,8,"102,103,104,105,106,107,108,109,110,111,112,113,114"
ground,/ɡraʊnd/,地面,8,"102,103,104,105,106,107,108,109,110,111,112,113,114"
grow,/ɡro/,成長；生長,8,"103,104,105,106,107,108,109,110,111,112,113,114"
gym,/dʒɪm/,健身房,8,"102,103,104,105,106,107,108,109,110,111,112,113,114"
habit,/ˈhæbɪt/,習慣,8,"102,103,104,105,106,107,108,109,110,111,112,113,114"
hang,/hæŋ/,掛；懸掛,8,"102,103,104,105,106,107,108,109,110,111,112,113,114"
handsome,/ˈhænsəm/,英俊的,8,"102,103,104,105,106,107,108,109,110,111,112,113,114"
hide,/haɪd/,隱藏,8,"102,103,104,105,106,107,108,109,110,111,112,113,114"
hike,/haɪk/,健行,8,"102,103,104,105,106,107,108,109,110,111,112,113,114"
homework,/ˈhomˌwɝk/,家庭作業,8,"102,103,104,105,106,107,108,109,110,111,112,113,114"
honest,/ˈɑnɪst/,誠實的,8,"102,103,104,105,106,107,108,109"
horse,/hɔrs/,馬,8,"102,103,104,105,106,107,108,109,110,111,112,113,114"
hotel,/hoˈtɛl/,飯店,8,"102,103,104,105,106,107,108,109,110,111,112,113,114"
hungry,/ˈhʌŋɡri/,飢餓的,8,"102,103,104,105,106,107,108,109,110,111,112,113,114"
hunt,/hʌnt/,打獵；搜尋,8,"102,103,104,105,107,108,109,110,111,112,113,114"
idea,/aɪˈdiə/,主意,8,"102,103,104,105,106,107,108,109,110,111,112,113"
information,/ˌɪnfɚˈmeʃən/,資訊；信息,8,"102,103,104,105,106,107,108,109,110,111,112,113,114"
insect,/ˈɪnsɛkt/,昆蟲,8,"102,103,104,105,106,107,108,109,110,111,112,113"
interest,/ˈɪntrɪst/,興趣；利息,8,"102,103,104,105,106,107,108,109,110,111,112,113,114"
introduce,/ˌɪntrəˈdjus/,介紹,8,"102,103,104,105,106,107,108,109"
item,/ˈaɪtəm/,項目；物品,8,"102,103,104,105,106,107,108,109,110,111,112,113,114"
juice,/dʒus/,果汁,8,"102,103,104,105,106,107,108,109,110,111,112,113,114"
jump,/dʒʌmp/,跳躍,8,"102,103,104,105,106,107,108,109,110,111,112,113,114"
key,/ki/,鑰匙；關鍵,8,"102,103,104,105,106,107,108,109,110,111,112,113,114"
knife,/naɪf/,刀子,8,"102,103,104,105,106,107,108,109,110,111,112,113,114"
knowledge,/ˈnɑlɪdʒ/,知識,8,"102,103,104,105,106,107,108,109,110,111,112,113,114"
lake,/lek/,湖泊,8,"102,103,104,105,106,107,108,109,110,111,112,113,114"
late,/let/,晚的；遲到,8,"102,103,104,105,106,107,108,109,110,111,112,113,114"
laugh,/læf/,笑；大笑,8,"102,103,104,105,106,107,108,109,110,111,112,113,114"
lazy,/ˈlezi/,懶惰的,8,"102,103,104,105,106,107,108,109,110,111,112,113,114"
lemon,/ˈlɛmən/,檸檬,8,"102,103,104,105,106,107,108,109,110,111,112,113"
lend,/lɛnd/,借出,8,"102,103,104,105,106,107,108,109,110,111,112,113"
lesson,/ˈlɛsn/,課程；教訓,8,"102,103,104,105,106,107,108,109,110,111,112,113,114"
level,/ˈlɛvl/,程度；水平,8,"102,103,104,105,106,107,108,109,110,111,112,113"
lie,/laɪ/,說謊；躺,8,"102,103,104,105,106,107,108,109,110,111,112,113"
likely,/ˈlaɪkli/,可能的,8,"102,103,104,105,106,107,108,109,110,111,112,113,114"
line,/laɪn/,線；隊伍,8,"102,103,104,105,106,107,108,109,110,111,112,113,114"
listen,/ˈlɪsn/,傾聽,8,"102,103,104,105,106,107,108,109,110,111,112,113,114"
liver,/ˈlɪvɚ/,肝臟,8,"102,103,107,108,109,110,111,112,113,114"
local,/ˈlokl/,當地的,8,"102,103,104,105,106,107,108,109,110,111,112,113"
lock,/lɑk/,鎖,8,"102,103,104,105,106,107,108,109,110,111,112,113"
loud,/laʊd/,大聲的,8,"102,103,104,105,106,107,108,109,110,111,112,113,114"
love,/lʌv/,愛；喜愛,8,"102,103,104,105,106,107,108,109,110,111,112,113,114"
lucky,/ˈlʌki/,幸運的,8,"102,103,104,105,106,107,108,109,110,111,112,113,114"
lunch,/lʌntʃ/,午餐,8,"102,103,104,105,106,107,108,109,110,111,112,113,114"
mail,/mel/,郵件；寄信,8,"102,103,104,105,106,107,108,109,110,111,112,113,114"
map,/mæp/,地圖,8,"102,103,104,105,106,107,108,109,110,111,112,113,114"
math,/mæθ/,數學,8,"102,103,104,105,106,107,108,109,110,111,112,113,114"
meaning,/ˈminɪŋ/,意思；含義,8,"102,103,104,105,106,107,108,109,110,111,112,113,114"
medicine,/ˈmɛdɪsɪn/,藥物；醫學,8,"102,103,104,105,106,107,108,109,110,111,112,113,114"
melt,/mɛlt/,融化,8,"102,103,104,106,107,108,109,110,111,112,113,114"
message,/ˈmɛsɪdʒ/,訊息,8,"102,103,104,105,106,107,108,109,110,111,112,113,114"
middle,/ˈmɪdl/,中間；中間的,8,"102,103,104,105,106,107,108,109,110,111,112,113,114"
milk,/mɪlk/,牛奶,8,"102,103,104,105,106,107,108,109,110,111,112,113,114"
minute,/ˈmɪnɪt/,分鐘,8,"102,103,104,105,106,107,108,109,110,111,112,113,114"
mistake,/mɪˈstek/,錯誤,8,"102,103,104,105,106,107,108,109,110,111,112,113,114"
mix,/mɪks/,混合,8,"102,103,104,105,106,107,108,109,110,111,112,113,114"
model,/ˈmɑdl/,模型；模特兒,8,"102,103,104,105,106,107,108,109,110,111,112,113"
mop,/mɑp/,拖把；拖地,8,"102,103,104,105,106,107,108,109,110,111,112,113,114"
mosquito,/məˈskito/,蚊子,8,"102,103,104,105,107,108,109,110,111,112,113,114"
name,/nem/,名字；命名,8,"102,103,104,105,106,107,108,109,110,111,112,113,114"
neck,/nɛk/,脖子,8,"102,103,104,105,106,107,108,109,110,111,112,113,114"
neighbor,/ˈnebɚ/,鄰居,8,"102,103,104,105,106,107,108,109,110,111,112,113"
nest,/nɛst/,鳥巢,8,"102,103,104,107,108,109,110,111,112,113,114"
newspaper,/ˈnjuzˌpepɚ/,報紙,8,"102,103,104,105,106,107,108,109,110,111,112,113,114"
noise,/nɔɪz/,噪音,8,"102,103,104,105,106,107,108,109,110,111,112,113,114"
note,/not/,筆記；票據,8,"102,103,104,105,106,107,108,109,110,111,112,113"
oil,/ɔɪl/,油,8,"102,103,104,105,106,107,108,109,110,111,112,113,114"
orange,/ˈɔrɪndʒ/,橘子；橙色,8,"102,103,104,105,106,107,108,109,110,111,112,113,114"
origami,/ˌɔrɪˈɡɑmi/,摺紙,8,"102,103,104,105,106,107,108,109,110,111,112,113,114"
outdoor,/ˈaʊtˌdɔr/,戶外的,8,"102,103,104,105,106,107,108,109,110,111,112,113"
outside,/ˈaʊtˌsaɪd/,外面,8,"102,103,104,105,106,107,108,109,110,111,112,113,114"
overtime,/ˈovɚˌtaɪm/,加班,8,"102,103,104,105,106,107,108,109,110,111,112,113,114"
owner,/ˈonɚ/,主人；擁有者,8,"102,103,104,105,106,107,108,109,110,111,112,113,114"
pack,/pæk/,打包；一包,8,"102,103,104,105,106,107,108,109,110,111,112,113,114"
pair,/pɛr/,一對；一雙,8,"102,103,104,105,106,107,108,109,110,111,112,113"
palace,/ˈpælɪs/,宮殿,8,"102,103,104,105,106,107,108,109"
paragraph,/ˈpærəˌɡræf/,段落,8,"102,103,104,105,106,107,108,109,110,111,112,113,114"
pass,/pæs/,通過；傳遞,8,"102,103,104,105,106,107,108,109,110,111,112,113,114"
paste,/pest/,貼上；糊,8,"102,103,104,105,106,107,108,109"
patient,/ˈpeʃənt/,病人；有耐心的,8,"102,103,104,105,106,107,108,109"
piano,/piˈæno/,鋼琴,8,"102,103,105,107,108,109,110,111,112,113,114"
pie,/paɪ/,派；餡餅,8,"102,103,104,105,106,107,108,109,110,111,112,113"
piece,/pis/,一片；作品,8,"102,103,104,105,106,107,108,109,110,111,112,113,114"
plant,/plænt/,植物；種植,8,"102,103,104,105,106,107,108,109,110,111,112,113,114"
plate,/plet/,盤子,8,"102,103,104,105,106,107,108,109,110,111,112,113,114"
pocket,/ˈpɑkɪt/,口袋,8,"102,103,104,105,106,107,108,109,110,111,112,113,114"
poem,/ˈpoɪm/,詩,8,"102,103,104,105,106,107,108,109,110,111,112,113"
pond,/pɑnd/,池塘,8,"102,103,105,107,108,109,110,111,112,113,114"
pool,/pul/,游泳池；水池,8,"102,103,104,105,106,107,108,109,110,111,112,113"
poor,/pʊr/,貧窮的；可憐的,8,"102,103,104,105,106,107,108,109,110,111,112,113,114"
possible,/ˈpɑsəbl/,可能的,8,"102,103,104,105,106,107,108,109,110,111,112,113,114"
postcard,/ˈpostˌkɑrd/,明信片,8,"102,103,104,105,107,108,109,110,111,112,113,114"
pot,/pɑt/,鍋子,8,"102,103,104,105,106,107,108,109,110,111,112,113,114"
practice,/ˈpræktɪs/,練習；實踐,8,"102,103,104,105,106,107,108,109,110,111,112,113,114"
pray,/pre/,祈禱,8,"102,103,104,106,107,108,109,110,111,112,113,114"
pretty,/ˈprɪti/,漂亮的；相當,8,"102,103,104,105,106,107,108,109,110,111,112,113"
print,/prɪnt/,列印；印刷,8,"102,103,104,105,106,107,108,109,110,111,112,113"
project,/ˈprɑdʒɛkt/,專案；計畫,8,"102,103,104,105,106,107,108,109,110,111,112,113"
protect,/prəˈtɛkt/,保護,8,"102,103,104,105,106,107,108,109,110,111,112,113,114"
pull,/pʊl/,拉,8,"102,103,104,105,106,107,108,109,110,111,112,113,114"
push,/pʊʃ/,推,8,"102,103,104,105,106,107,108,109,110,111,112,113,114"
question,/ˈkwɛstʃən/,問題；提問,8,"102,103,104,105,106,107,108,109,110,111,112,113,114"
quick,/kwɪk/,快速的,8,"102,103,104,105,106,107,108,109,110,111,112,113,114"
quiet,/ˈkwaɪɪt/,安靜的,8,"102,103,104,105,106,107,108,109,110,111,112,113,114"
quite,/kwaɪt/,相當；十分,8,"102,103,104,105,106,107,108,109,110,111,112,113,114"
radio,/ˈrediˌo/,收音機,8,"102,103,104,105,106,107,108,109,110,111,112,113,114"
railway,/ˈrelˌwe/,鐵路,8,"102,103,105,106,107,108,109,110,111,112,113,114"
raise,/rez/,提高；舉起,8,"102,103,104,105,106,107,108,109,110,111,112,113,114"
reach,/ritʃ/,達到；夠到,8,"102,103,104,105,106,107,108,109,110,111,112,113,114"
ready,/ˈrɛdi/,準備好的,8,"102,103,104,105,106,107,108,109,110,111,112,113,114"
receive,/rɪˈsiv/,接收；收到,8,"102,103,104,105,106,107,108,109,110,111,112,113,114"
refrigerator,/rɪˈfrɪdʒəˌretɚ/,冰箱,8,"102,103,104,107,108,109,110,111,112,113,114"
refugee,/ˈrɛfjuˌdʒi/,難民,8,"102,103,104,105,106,107,108,109,110,111,112,113,114"
refuse,/rɪˈfjuz/,拒絕,8,"102,103,104,105,106,107,108,109,110,111,112,113"
remind,/rɪˈmaɪnd/,提醒,8,"102,103,104,105,106,107,108,109,110,111,112,113"
reporter,/rɪˈpɔrtɚ/,記者,8,"102,103,104,105,106,107,108,109,110,111,112,113,114"
respect,/rɪˈspɛkt/,尊敬；尊重,8,"102,103,104,106,107,108,109,110,111,112,113,114"
result,/rɪˈzʌlt/,結果,8,"102,103,104,105,106,107,108,109,110,111,112,113"
rice,/raɪs/,米飯,8,"102,103,104,105,106,107,108,109,110,111,112,113,114"
rich,/rɪtʃ/,富有的,8,"102,103,104,105,106,107,108,109,110,111,112,113,114"
ring,/rɪŋ/,戒指；電話響,8,"102,103,104,105,106,107,108,109,110,111,112,113,114"
roof,/ruf/,屋頂,8,"102,103,104,105,106,107,108,109,110,111,112,113"
safe,/sef/,安全的,8,"102,103,104,105,106,107,108,109,110,111,112,113"
sailing,/ˈselɪŋ/,航行,8,"102,103,104,105,106,107,108,109,110,111,112,113,114"
salary,/ˈsælɚi/,薪水,8,"102,103,104,105,106,107,108,109,110,111,112,113"
sale,/sel/,銷售；特賣,8,"102,103,104,105,106,107,108,109,110,111,112,113,114"
sandwich,/ˈsændwɪtʃ/,三明治,8,"102,103,104,105,106,107,108,109,110,111,112,113,114"
save,/sev/,節省；拯救,8,"102,103,104,105,106,107,108,109,110,111,112,113,114"
scare,/skɛr/,嚇到,8,"102,103,104,105,106,107,108,109,110,111,112,113"
scared,/skɛrd/,害怕的,8,"102,103,104,105,106,107,108,109,110,111,112,113,114"
science,/ˈsaɪəns/,科學,8,"102,103,104,105,106,107,108,109,110,111,112,113,114"
secret,/ˈsikrɪt/,秘密；秘密的,8,"102,103,104,105,106,107,108,109,110,111,112,113,114"
seldom,/ˈsɛldəm/,很少；難得,8,"102,103,104,105,106,107,108,109,110,111,112,113,114"
sense,/sɛns/,感覺；意思,8,"102,103,104,105,106,107,108,109,110,111,112,113"
sentence,/ˈsɛntəns/,句子,8,"102,103,104,105,106,107,108,109,110,111,112,113,114"
serious,/ˈsɪriəs/,嚴肅的；認真的,8,"102,103,104,105,106,107,108,109,110,111,112,113,114"
several,/ˈsɛvərəl/,幾個；數個,8,"102,103,104,105,106,107,108,109,110,111,112,113,114"
shape,/ʃep/,形狀,8,"102,103,104,105,106,107,108,109,110,111,112,113,114"
sheep,/ʃip/,羊,8,"102,103,104,105,107,108,109,110,111,112,113,114"
shelf,/ʃɛlf/,架子,8,"102,103,104,105,106,107,108,109,110,111,112,113"
shirt,/ʃɝt/,衣服；襯衫,8,"102,103,104,105,106,107,108,109,110,111,112,113,114"
shoe,/ʃu/,鞋子,8,"102,103,104,105,106,107,108,109,110,111,112,113,114"
short,/ʃɔrt/,短的；矮的,8,"102,103,104,105,106,107,108,109,110,111,112,113,114"
size,/saɪz/,尺寸；大小,8,"102,103,104,105,106,107,108,109,110,111,112,113,114"
sky,/skaɪ/,天空,8,"102,103,104,105,106,107,108,109,110,111,112,113,114"
slack,/slæk/,懈怠的；鬆弛,8,"102,103,104,105,106,107,108,109"
snack,/snæk/,零食,8,"102,103,104,105,106,107,108,109,110,111,112,113,114"
social,/ˈsoʃəl/,社會的；社交的,8,"102,103,104,105,106,107,108,109,110,111,112,113,114"
soldier,/ˈsoldʒɚ/,士兵,8,"102,103,104,105,107,108,109,110,111,112,113,114"
sort,/sɔrt/,種類；排序,8,"102,103,104,105,106,107,108,109,110,111,112,113"
sound,/saʊnd/,聲音；聽起來,8,"102,103,104,105,106,107,108,109,110,111,112,113,114"
soup,/sup/,湯,8,"102,103,104,105,106,107,108,109,110,111,112,113"
speaker,/ˈspikɚ/,說話者；演講者,8,"102,103,104,105,106,107,108,109,110,111,112,113"
spell,/spɛl/,拼寫；咒語,8,"102,103,104,105,106,107,108,109,110,111,112,113,114"
spirit,/ˈspɪrɪt/,精神；氣魄,8,"102,103,104,105,106,107,108,109"
spring,/sprɪŋ/,春天；彈簧,8,"102,103,104,105,106,107,108,109,110,111,112,113,114"
stage,/stedʒ/,階段；舞台,8,"102,103,104,105,106,107,108,109,110,111,112,113,114"
statue,/ˈstætʃu/,雕像,8,"102,103,104,105,106,107,108,109,110,111,112,113,114"
steal,/stil/,偷竊,8,"102,103,104,105,107,108,109,110,111,112,113,114"
stomach,/ˈstʌmək/,胃；肚子,8,"102,103,104,105,106,107,108,109,110,111,112,113,114"
strawberry,/ˈstrɔˌbɛri/,草莓,8,"102,103,104,105,106,107,108,109,110,111,112,113,114"
stress,/strɛs/,壓力；強調,8,"102,103,104,105,106,107,108,109,110,111,112,113"
success,/səkˈsɛs/,成功,8,"102,103,104,105,106,107,108,109,110,111,112,113,114"
successful,/səkˈsɛsfəl/,成功的,8,"102,103,104,105,106,107,108,109,110,111,112,113,114"
suit,/sut/,西裝；適合,8,"102,103,104,105,106,107,108,109,110,111,112,113"
sunny,/ˈsʌni/,晴朗的,8,"102,103,104,105,106,107,108,109,110,111,112,113,114"
supermarket,/ˈsupɚˌmɑrkɪt/,超市,8,"102,103,104,105,106,107,108,109,110,111,112,113,114"
sweet,/swit/,甜的；糖果,8,"102,103,104,105,106,107,108,109,110,111,112,113,114"
table,/ˈtebl/,桌子；表格,8,"102,103,104,105,106,107,108,109,110,111,112,113,114"
tall,/tɔl/,高的,8,"102,103,104,105,106,107,108,109,110,111,112,113,114"
taxi,/ˈtæksi/,計程車,8,"102,103,104,105,106,107,108,109,110,111,112,113,114"
tea,/ti/,茶,8,"102,103,104,105,106,107,108,109,110,111,112,113,114"
teenager,/ˈtiˌnedʒɚ/,青少年,8,"102,103,104,105,106,107,108,109,110,111,112,113,114"
telephone,/ˈtɛlɪˌfon/,電話,8,"102,103,104,105,107,108,109,110,111,112,113,114"
temperature,/ˈtɛmprɪtʃɚ/,溫度,8,"102,103,104,105,106,107,108,109,110,111,112,113"
tent,/tɛnt/,帳篷,8,"102,103,104,105,106,107,108,109,110,111,112,113"
thick,/θɪk/,厚的,8,"102,103,104,106,107,108,109,110,111,112,113,114"
thin,/θɪn/,薄的；細的,8,"102,103,104,105,106,107,108,109,110,111,112,113"
throw,/θro/,投擲,8,"102,103,104,105,106,107,108,109,110,111,112,113,114"
tie,/taɪ/,領帶；綁,8,"102,103,104,105,106,107,108,109,110,111,112,113,114"
tonight,/təˈnaɪt/,今晚,8,"102,103,104,105,106,107,108,109,110,111,112,113,114"
tool,/tul/,工具,8,"102,103,104,105,106,107,108,109,110,111,112,113,114"
touch,/tʌtʃ/,觸摸,8,"102,103,104,105,106,107,108,109,110,111,112,113"
tour,/tʊr/,旅遊；參觀,8,"102,103,104,105,106,107,108,109,110,111,112,113"
tradition,/trəˈdɪʃən/,傳統,8,"102,103,104,105,106,107,108,109,110,111,112,113,114"
traditional,/trəˈdɪʃənl/,傳統的,8,"102,103,104,105,106,107,108,109,110,111,112,113"
traffic,/ˈtræfɪk/,交通；交通流量,8,"102,103,104,105,106,107,108,109,110,111,112,113,114"
trip,/trɪp/,旅行,8,"102,103,104,105,106,107,108,109,110,111,112,113,114"
trouble,/ˈtrʌbl/,麻煩,8,"102,103,104,105,106,107,108,109,110,111,112,113,114"
trust,/trʌst/,信任,8,"102,103,104,105,106,107,108,109,110,111,112,113"
type,/taɪp/,類型；打字,8,"102,103,104,105,106,107,108,109,110,111,112,113,114"
unique,/juˈnik/,獨特的,8,"102,103,104,105,106,107,108,109,110,111,112,113"
university,/ˌjunɪˈvɝsɪti/,大學,8,"102,103,104,105,106,107,108,109,110,111,112,113,114"
useful,/ˈjusfəl/,有用的,8,"102,103,104,105,106,107,108,109,110,111,112,113,114"
valley,/ˈvæli/,山谷,8,"102,103,104,105,106,107,108,109,110,111,112,113"
vegetable,/ˈvɛdʒtəbl/,蔬菜,8,"102,103,104,105,106,107,108,109,110,111,112,113,114"
view,/vju/,景色；觀點,8,"102,103,104,105,106,107,108,109,110,111,112,113"
vote,/vot/,投票,8,"102,103,104,105,106,107,108,109,110,111,112,113"
wake,/wek/,醒來；叫醒,8,"102,103,104,105,106,107,108,109,110,111,112,113,114"
warm,/wɔrm/,溫暖的,8,"102,103,104,105,106,107,108,109,110,111,112,113,114"
waste,/west/,浪費,8,"102,103,104,105,106,107,108,109,110,111,112,113,114"
wave,/wev/,波浪；揮手,8,"102,103,104,105,106,107,108,109,110,111,112,113,114"
website,/ˈwɛbˌsaɪt/,網站,8,"102,103,104,105,106,107,108,109,110,111,112,113,114"
wide,/waɪd/,寬的,8,"102,103,104,105,106,107,108,109,110,111,112,113,114"
wild,/waɪld/,野生的,8,"102,103,104,105,106,107,108,109,110,111,112,113"
wind,/wɪnd/,風,8,"102,103,104,105,106,107,108,109,110,111,112,113,114"
wise,/waɪz/,聰明的；明智的,8,"102,103,104,105,106,107,108,109,110,111,112,113,114"
wonder,/ˈwʌndɚ/,驚奇；想知道,8,"102,103,104,105,106,107,108,109,110,111,112,113,114"
wonderful,/ˈwʌndɚfəl/,美好的；精彩的,8,"102,103,104,105,106,107,108,109,110,111,112,113,114"
yard,/jɑrd/,院子；碼,8,"102,103,104,105,106,107,108,109,110,111,112,113,114"
zoo,/zu/,動物園,8,"102,103,104,105,106,107,108,109,110,111,112,113"